B Channel,G Channel,R Channel,H Channel,S Channel,V Channel,L Channel,a Channel,b Channel,Label
118.06359387886008,157.13241088609914,166.62558416567396,26.330798130669844,73.41583432603318,166.65692293594796,164.83405113167782,125.37533217263814,149.63355630898928,1.0
111.98792815781727,150.5664932770635,160.1488860535872,25.592403572480126,75.36107566984003,160.17195014231035,158.66601236627736,125.50387672980666,149.5559917558151,1.0
121.87070190394998,139.15184237946386,142.7507814720091,32.250449938429476,38.61466325660699,143.57648953301128,147.3690442360519,126.30842095292223,137.70105143506677,1.0
106.76364498038492,132.5446144124694,137.7026671230352,27.080856217582475,57.051999684052554,137.87701745609647,140.5765251046576,125.52194518311788,142.60369658513468,1.0
120.45381388579746,136.32009245783752,140.14339525725538,33.768512969779984,38.82749764574951,141.48925605684445,144.67725365978941,126.65456724595498,137.02302885026967,1.0
99.99198058457318,141.39421757940278,159.98047905455314,23.843621399176957,94.61063627730294,159.99081987970877,151.7710245858394,129.08726390207872,152.5931201857128,1.0
86.53411764705882,132.5683257918552,161.1187330316742,18.10497737556561,119.34208144796379,161.1187330316742,145.20778280542987,132.8772850678733,156.85882352941175,1.0
150.00323878692708,174.29453332024733,173.37844734517617,36.650407301992345,36.17940916674846,175.22249484738444,179.819707527726,123.47904603003239,140.31023652959075,1.0
130.83717734812052,163.9817450191383,169.26538423790362,31.451565413681422,56.74963195603102,169.46932966925115,170.9042104230052,124.5161448621062,145.83177936990873,1.0
109.33153357961542,154.72984749455338,168.9021502320735,23.262858766695082,88.56322818982666,168.9119067917022,163.3778535568817,126.4793975561239,153.6222411669982,1.0
88.82859728506787,137.86045248868777,167.93737556561086,18.445972850678732,121.1310407239819,167.93737556561086,150.67493212669683,133.10190045248868,158.4481447963801,1.0
90.16749619095988,137.17023869984766,154.65170137125446,21.667140680548503,104.6513966480447,154.65454545454546,146.9703402742509,127.85942102590148,155.4360589131539,1.0
104.48189223672588,147.26744528412996,161.58975365590342,24.000392580233587,88.84532338796743,161.60535872018843,156.34694278143095,126.93414466581608,152.5108450289528,1.0
45.55375184470428,64.42887955500058,81.05142467930526,27.08548075831536,114.96310591440573,81.24577137018959,72.79316608014531,132.38948802361222,142.29072539448293,1.0
131.36961257933126,163.7382779198636,170.55091408544095,28.88150042625746,57.8811215307379,170.7920810836412,171.00426257459506,125.23538884152696,145.6548261816804,1.0
83.17158620689655,121.78979310344828,144.23420689655174,25.220137931034483,108.7431724137931,144.28855172413793,133.44055172413795,131.28220689655174,152.32027586206897,1.0
146.9638851929291,178.33605778369133,183.13305455236647,32.77361718304505,52.94031552936704,184.68142938604828,184.52081353354876,124.62041436989166,144.64379395552177,1.0
143.88656902461827,191.23153630414458,203.12870052976004,23.952944842630103,74.19164848862575,203.1290121533188,197.2368339046432,124.93829853536927,153.41726394515425,1.0
157.60120317025815,189.12728777413503,193.48273227870263,30.971957857211066,47.41006461469905,194.51220676703696,194.5420313842824,124.42521564757935,144.46665817869308,1.0
90.80218698742482,135.1231273920175,155.70508474576272,22.74291962821214,104.67162383816293,155.7145981410607,146.04767632586112,129.60841990158556,154.5907053034445,1.0
97.06913948696084,133.5485681802032,150.44837632345624,20.4069494777233,90.47793647409934,150.44844738151068,143.75037305478574,128.85710225254033,149.9869253179848,1.0
105.8571144278607,128.10965174129353,135.35980099502487,24.05970149253731,53.87621890547263,135.590447761194,136.82348258706466,126.94805970149254,141.01492537313433,1.0
52.67971868466071,82.49591332446303,102.62839764303365,17.676297281885574,124.37730469492493,102.62839764303365,92.76012164987645,132.0612050940886,148.5508458467972,1.0
91.93634496919918,140.80639483719565,168.06013493693166,19.19272513933705,115.87268993839835,168.06013493693166,152.83250220005866,131.7365796421238,157.81138163684366,1.0
164.0436296454203,196.2057130675762,197.36701485113338,29.96674483052654,43.86271583884033,198.24223690755346,200.25126128046614,123.03517373694308,144.3036310665814,1.0
131.33610859728506,170.22805429864252,180.25212669683256,29.118009049773754,68.46371040723982,180.6372850678733,177.62027149321267,125.55095022624434,149.31927601809954,1.0
113.37460639918741,155.38842051802948,165.36780091416964,25.529913661757238,78.75561198577958,165.38811579481973,163.22285424073135,125.17023869984764,151.27364144235653,1.0
144.93710344827588,175.9944827586207,181.04055172413794,29.02151724137931,50.56855172413793,181.28413793103448,182.3153103448276,124.66234482758621,144.52772413793105,1.0
125.48807537540485,162.6673863970949,169.78241240553538,28.94837569928354,65.26283246638532,170.06114437138092,169.8141132593974,124.69094121111003,148.18519972519385,1.0
114.25213465502013,156.16851506526646,167.6676808322701,24.287368730984397,79.74295809206006,167.67621945235058,164.23908136225342,125.7873196584552,151.38521935420553,1.0
54.84470588235294,83.89701357466063,103.65357466063348,17.609411764705882,120.95113122171945,103.65357466063348,94.1710407239819,131.98027149321265,148.0219004524887,1.0
161.70244343891403,206.76542986425338,217.09194570135747,25.275113122171945,64.44180995475114,217.41031674208145,211.29140271493213,124.67239819004524,151.6747511312217,1.0
142.3202846975089,193.53003977391668,212.58153652920245,22.41071802386435,85.13920870839439,212.6380573581746,200.64287209545742,127.48628846556417,156.3158886330333,1.0
83.58527363184079,106.2236815920398,115.21830845771144,31.671044776119402,73.1420895522388,115.53950248756219,115.00696517412935,127.77651741293532,142.0521393034826,1.0
99.43118334179788,145.16119857795837,163.05210766886745,22.73092940578974,97.35764347384459,163.05901472828847,155.07567293042155,128.1175215845607,154.57663788725242,1.0
97.23865525521826,117.62022042977648,125.22646388769164,31.45656055661597,58.64915953451142,125.75882026968782,126.47632534942429,127.52890831845329,140.3228865217659,1.0
119.19481352515349,158.02382479611472,165.02987262897463,26.024649500595622,69.44341610922753,165.05443049573904,165.2402639054339,124.37569870796298,149.14615596078073,1.0
97.89231110126302,122.87901617549302,131.43718147573676,24.81785951695103,64.98515399955683,131.4914690892976,131.6933303789054,127.09439397296698,142.83447817416354,1.0
101.54364664015073,118.01004814737284,122.14925685576722,33.27778940757798,44.53150512874189,122.95080594515387,126.47268159933013,126.67385388319029,137.6344986393134,1.0
129.98228855721393,172.8573134328358,187.98965174129353,28.490348258706465,82.02766169154229,188.40338308457711,180.83383084577113,127.19562189054726,152.12716417910448,1.0
102.71577191088429,144.02885464716852,158.42722543919913,25.7952694081853,88.6328393365394,158.495043674551,153.32535086858377,127.23446854450879,151.8481695946609,1.0
95.61556561085973,140.38153846153847,163.3268778280543,22.413755656108595,106.23511312217194,163.35619909502262,151.47239819004525,130.44868778280542,155.0441628959276,1.0
123.3472,153.68662068965517,162.73484137931035,24.59095172413793,62.91056551724138,162.8774620689655,161.82863448275862,126.3926620689655,145.20468965517242,1.0
106.58923311325546,134.10269172168614,144.4953783646521,21.686033519553074,67.20964956830879,144.4953783646521,143.1598781107161,127.38435754189945,144.23880142204166,1.0
156.86510344827587,188.90868965517242,193.33406896551725,30.809655172413795,48.189241379310346,194.38510344827586,194.33241379310346,124.36744827586207,144.7384827586207,1.0
100.39354933079792,132.81854750237693,144.05521831346448,22.454106633511298,78.2099027280041,144.07174723908432,141.90579975133474,127.0952241644116,147.079353470343,1.0
105.74706467661692,127.9470646766169,135.33532338308459,23.773333333333333,53.99880597014925,135.5510447761194,136.70427860696518,127.00835820895522,141.0073631840796,1.0
148.34732598763773,168.1890352055899,169.80300994356358,39.69782316581564,36.10217683418436,171.83133566245633,174.86428379467887,125.21805966138136,138.52899758129536,1.0
105.03971415923607,123.77379371403275,129.73970783532536,32.66976538291279,50.388857269335354,130.0646303674192,132.4537405931828,127.09131727060013,139.13280212483397,1.0
144.83347541915316,169.0748318651132,171.66894003978402,32.58312020460358,40.1774178270342,172.3855261911528,175.6212939281993,124.81595150137349,140.81131003125887,1.0
110.0679763221232,122.65680088466793,124.35881090223118,45.76647368763417,38.22994861120146,126.60469654589215,130.53541924152736,126.47791582644898,135.2333311650296,1.0
125.30390143737166,177.751246699912,199.73012613669698,20.907010853622765,94.68935171604576,199.73012613669698,186.6195365209739,128.45937224992667,157.6647110589616,1.0
131.14262443438915,185.30316742081448,205.85031674208145,21.56054298642534,92.59203619909502,205.85067873303166,193.1102262443439,127.57502262443438,158.11113122171946,1.0
69.39972047519217,94.916142557652,105.92429536454694,26.05590496156534,89.05194502678779,106.03703703703704,103.66200791986955,128.2459818308875,144.1961332401584,1.0
67.2479644707624,91.13792252652355,100.24401677769553,25.670120898100173,84.98889711324944,100.39032815198618,99.28102640019738,127.66543301258326,143.07105847520356,1.0
100.9815487290215,143.34399842967906,159.04848365884777,25.122779468053785,90.65590342526254,159.07517911473158,152.75964275198746,127.64972028658357,152.51555599175583,1.0
119.83590146236138,158.66375502993424,165.18382569437628,26.560015703209345,68.56462852095397,165.22445774855237,165.7284326234174,124.16979095102562,149.06507017371675,1.0
151.1035332007199,175.59041394335512,175.31874585583026,35.1371601780809,36.76262195699536,176.91332764990054,181.1851851851852,123.70929241261722,140.48593350383632,1.0
164.8212820562674,205.41706686368676,209.09171154706124,30.213189975307685,55.055606322788876,210.0121322886085,208.80191705714233,122.82303190558592,148.69484572161844,1.0
201.42586802698702,227.07404969557348,228.34408425209807,28.622840217212442,30.113542866545995,228.35560309363174,228.97778509132797,124.01991114036531,140.6621688333059,1.0
87.92398009950249,116.38885572139303,127.67741293532337,26.513830845771142,78.98467661691542,127.72537313432835,125.7028855721393,127.74646766169154,145.2718407960199,1.0
92.29462079452576,117.99733890895268,126.97395932332257,25.524234936323893,69.0996008363429,127.11309636951151,126.93043147690554,127.16099600836344,143.3932712412089,1.0
114.30903406285996,130.85091327957875,134.66513082112886,32.662168833305905,40.690801382260986,135.5301958203061,139.1454665130821,126.52920849103177,137.46453842356425,1.0
99.59122085048011,145.54553128627202,162.78199852273926,22.798142872216946,97.35295979740424,162.78548063733248,155.21578558615596,127.72786746860821,154.60472723435686,1.0
152.71366902821157,189.78459155430284,197.89370508620908,26.296462761230032,58.60554582158909,198.1279551052538,195.53960031487264,124.99697823823671,147.79898936035144,1.0
100.91844145647268,148.50211011875552,167.65953479242322,22.77289233487094,99.38433604867996,167.66159583864953,158.53135734615762,128.38345274315438,155.59927372656787,1.0
118.3037683067303,132.78509132795787,135.3694257034721,36.0722395919039,36.44709560638473,136.8861280236959,140.84910317590916,126.44610827711043,136.23333881849598,1.0
119.72231037041264,140.35158952114605,145.776394041436,33.373346270190055,49.30925175503681,147.07804349066834,148.59763712116887,126.62889104503168,139.8627361451972,1.0
198.73075724524773,225.90401994390774,222.15144904954815,38.610158928014954,31.84449984418822,226.53131816765347,226.76067310688688,122.15986288563415,140.84325334995324,1.0
119.14535283148494,159.20129551477083,167.09529885170284,25.235057414859163,72.24016095789577,167.10570222789283,166.50358229463149,124.53047404063206,149.8994013151438,1.0
77.39595867862414,108.36769213304575,125.00204336474062,21.419570893404472,97.38926098308549,125.00204336474062,118.75263934612329,129.79078215461462,147.71279373368148,1.0
167.58509524806365,209.22587397948504,216.59200334938248,27.296839020305633,57.943060498220646,217.061335566255,213.04312329914174,124.08289721582584,149.59619007745448,1.0
147.29362049445777,186.80208525315288,196.96785234722626,24.583107343145258,64.39180116373977,196.9893894315579,193.07903951975987,125.41965719701956,149.34177615123352,1.0
137.80271236140382,153.60285897553376,153.65142490607533,31.84477228992944,28.723723998900393,154.81654906991662,160.63658022541924,125.15696875286356,136.33684596352973,1.0
57.52977375565611,82.26515837104073,97.82787330316742,21.333574660633484,106.13538461538461,97.83113122171946,91.38099547511312,130.61628959276018,144.8979185520362,1.0
120.771420158995,157.4919030326823,164.3804102463441,29.24094611836294,67.08872313279026,164.63323191677298,164.7745608008637,124.67484542153304,148.06035921091373,1.0
92.65094527363183,119.53074626865671,131.06766169154227,21.966965174129353,75.11661691542288,131.0823880597015,128.9379104477612,128.07044776119403,144.41293532338307,1.0
120.88458141132594,157.17901658651488,163.6572774560801,30.133673569535777,66.15065266463834,163.97026204730594,164.41662577289233,124.58366866228286,147.7896751398567,1.0
130.71295094731377,180.05606021282117,196.56553335063586,22.295094731378146,84.99584739164287,196.56812873085906,187.64858551777834,126.61017389047494,155.29898780171294,1.0
144.74610657736451,180.72643625841272,188.55281724485482,28.379133205449165,58.50206457066684,188.75768117826837,187.10771531683844,125.02503495139318,147.30071203303314,1.0
205.78383901902217,229.92485458261282,230.7810092752712,29.023423989938692,27.675522716554003,230.82707121521776,231.63826442383274,124.07168684169156,139.8033328093067,1.0
109.3404652075768,135.16880950044165,144.43183825694376,24.027775051526156,62.66149769359113,144.57297085091767,144.05113357542447,127.2050250269899,143.17145941701835,1.0
97.55923054274217,142.07881048189225,159.84718814407697,22.145647266660124,97.89959760526058,159.8483658847777,152.06408872313278,128.23986652272058,154.05672784375307,1.0
133.785639522713,183.1716558509525,199.05652082897217,24.483985765124558,84.20431232991417,199.08499057986185,190.44211848440446,126.41825413439398,155.2061963575466,1.0
165.73328726895838,193.75868025565728,197.16030402487476,33.33736396614268,42.70737605804111,198.85610640870615,198.82449473138712,124.60027638624977,142.5418897909829,1.0
122.5863669937744,156.54648095388836,162.49752031233513,30.690408357075025,62.060356652949245,162.75013189828005,163.90640498047907,124.71974253455735,146.52833175055397,1.0
123.61333712228853,138.1851851851852,139.67651795017525,35.52818035426731,31.615136876006442,140.87079662782986,146.07530548451265,125.93719806763285,135.983612768779,1.0
147.97682604869465,194.1284834262247,205.0900557348196,25.846582575535347,71.28600762687005,205.26400704018775,199.68817835142272,124.83748899970666,152.63889703725434,1.0
55.03649496293481,86.51587150731801,107.94734841284928,17.631628967876832,125.718304504847,107.94734841284928,97.2345561680289,132.3706519673066,149.5508458467972,1.0
119.94694401172913,158.22926784568864,164.99743425272612,27.92037020067809,68.34087785210299,165.0427929991753,165.4254558783103,124.35810501237057,148.8277283973243,1.0
200.44219382985352,225.356185727641,219.51324400124648,41.42287316921159,28.650981614210032,225.64942349641632,226.01121844811468,121.77625428482393,139.4767840448738,1.0
59.73572139303482,88.65890547263682,107.49990049751243,19.45094527363184,113.80537313432835,107.49990049751243,98.98149253731343,131.4539303482587,147.60915422885572,1.0
95.02268183385038,132.1422268183385,150.69782833505687,19.895897966218545,94.50589451913133,150.70010341261633,142.73367804205446,129.5448466046191,150.63254050327473,1.0
100.91903032682305,146.074295809206,162.90538816370596,23.746883894395918,95.3910099126509,162.9155952497792,155.73039552458533,127.7208754539209,154.12542938463048,1.0
169.70316742081448,199.4114027149321,201.85900452488687,32.73954751131222,41.71095022624434,203.16470588235293,203.7614479638009,123.97773755656108,143.14027149321268,1.0
132.95093303021693,168.29980107985224,175.92365255280856,27.36269773609927,60.949512172018565,175.98143411954155,175.2941176470588,125.06109690252913,147.1859429762243,1.0
97.02483069977427,142.40798900775346,159.33133771714594,22.98773186770046,98.21768573952302,159.33595053489057,152.09569143193642,127.72597899695751,154.35852389832172,1.0
140.76259266299184,191.78160045618705,206.40942786542485,23.463409998099223,80.611100551226,206.4318570613952,198.14122790344044,125.5968447063296,155.58277893936514,1.0
125.27088036117382,158.973991559525,165.8540582981647,30.139464127981157,61.984983806065365,166.1574246736677,166.37609186377466,125.08195112376093,146.4520561389734,1.0
132.04783555934452,164.79274415080042,168.76726342710998,31.56152315998863,54.789428815004264,169.1314767452875,171.4085440939661,124.06024438761011,145.4544851757128,1.0
144.1153038201198,163.93207811405898,163.3116782074224,35.45849218081382,32.34972379989107,164.82074223916595,170.31237843305064,124.25706060841827,138.21076791410565,1.0
106.56425071308418,140.110509763768,152.78029693556644,21.698603086374607,77.55913113435237,152.78051634608352,149.33862356468953,127.40634827762743,147.6674467929496,1.0
122.81051759210428,151.12242899118513,155.462291870715,30.257439915618175,54.0522112559331,156.50892789874183,158.59338506743015,124.84374293678898,143.4736683492805,1.0
113.5511941535448,145.2987267384917,153.72387553680406,24.750922926241245,66.42914186694794,153.77088826941915,153.59556995404205,125.92488510510059,145.97656897461013,1.0
158.32222616093583,195.660404112017,199.2974122651542,29.32967032967033,52.47855370436016,200.80255228642326,200.1499468273662,123.23147819922013,147.1651896490606,1.0
78.23132484318572,106.62288538300704,118.74415510359248,22.948869036304888,87.04827979471584,118.75213837673446,115.95704238737883,128.21687892035735,145.67990876259267,1.0
146.0873042319227,188.20259913362213,198.0746417860713,24.316561146284574,66.64311896034656,198.08330556481172,194.0446517827391,124.86837720759748,150.56214595134955,1.0
159.47564533130685,189.16311622092027,194.54367170838134,31.040276518030055,47.21295320275538,195.2342803912436,194.74753021351702,125.05407790552302,143.7109062829407,1.0
145.93142166177233,185.15183969597513,195.5097598894455,27.065641734323716,64.38607704266713,195.7348419416134,191.63223354638106,125.55864570737606,149.2217999654517,1.0
125.51392087083944,176.60100481473728,199.64391877747542,22.41343939711116,95.20305631149257,199.65920033493825,185.87000209336404,129.22336194264184,157.22043123299142,1.0
94.74794900921368,112.46737346964534,117.31263410324372,29.717152593714502,49.47174891665615,117.79578442509151,120.84328326812235,126.72947957423536,138.50128318397913,1.0
60.834932126696835,88.66751131221719,106.2733031674208,18.340633484162897,110.87529411764706,106.2733031674208,98.55746606334841,131.02733031674208,146.798371040724,1.0
79.65501360686623,100.23424743562906,108.3200753611053,34.69101946828554,72.64894285116182,108.76449654594934,108.61712371781454,127.75172702532971,140.91940548461378,1.0
178.65607186042493,204.01796510623595,204.45050958714805,37.26913111072724,36.4121609949905,207.6362065987217,207.78580065641734,124.01105544999136,140.76248056659182,1.0
126.50299135829825,172.27897185907378,186.5364502548194,28.0073122091735,83.59140261466874,186.90006647462886,180.0099711943275,126.32705517394194,153.4037225792156,1.0
124.99587790754737,161.69781136519777,168.66640494651094,29.553930709588773,64.40092256354893,168.75296888801648,168.872215133968,124.66826970262048,147.93983707920307,1.0
127.70939248208853,165.01972715673767,171.19786043772697,27.251251349494556,63.575130042202375,171.27058592599863,171.84080871528118,124.25684561782315,148.09922465403866,1.0
122.56308989278843,143.1914230733987,146.56547237239988,27.24081370842115,42.89975258865573,146.83789975258867,150.83505910382112,125.61898652982681,139.46009346650783,1.0
111.44508783982727,157.56757287270585,172.1569339483757,23.202276965354795,88.36706251840221,172.16400039258025,166.21758759446462,126.53901266071254,153.97860437726962,1.0
111.02041417214643,153.6941799980371,165.56983020904897,24.630778290313085,82.53793306507018,165.59505348905682,161.92923741289627,125.84983806065365,151.90264010207088,1.0
145.19227586206898,181.38510344827586,189.29793103448276,27.936275862068968,58.74841379310345,189.4824827586207,187.71503448275863,125.02868965517241,147.41931034482758,1.0
61.220418034202794,89.02470202107445,106.7004664017965,19.83226809466229,109.56918293314908,106.7004664017965,99.03092071169459,131.0333390913802,146.75522542753498,1.0
82.23066696210947,110.34588965211611,123.84311987591403,24.826722800797697,87.10968313760247,123.84356304010636,119.99357411921116,128.8752492798582,145.64945712386438,1.0
167.7325879338458,207.36175168879572,213.17167481947357,27.950850221290473,53.271139063591896,213.9601677148847,211.1027253668763,123.73608199394363,148.34521313766598,1.0
197.55718526279028,226.5948514555115,222.77512534610491,36.403177929107734,33.19928159844346,226.98737808376364,227.24088902192622,121.81947666442167,141.73434109107237,1.0
115.41652762783394,153.1247423692217,162.31092354499953,28.28520953969968,72.97036019236431,162.50348414957307,161.0826381391697,125.48689763470409,148.99450387672982,1.0
109.99289419455695,142.56036381723868,154.68279684502238,21.85035173736943,73.31713209692319,154.68428906416543,151.70375897107937,127.30597598237759,146.9820933702835,1.0
64.40991625901667,91.42848851670674,105.08216565790565,20.85117320288533,98.13282480722991,105.08324351214658,100.48893126606417,129.28214907553271,145.55186137136224,1.0
133.785639522713,183.1716558509525,199.05652082897217,24.483985765124558,84.20431232991417,199.08499057986185,190.44211848440446,126.41825413439398,155.2061963575466,1.0
149.28923692102632,196.45684771742754,209.80939686771077,23.440853048983673,73.26857714095301,209.811062979007,202.26524491836057,125.51716094635123,153.35954681772742,1.0
85.297662041437,130.84470632959514,157.62763733130583,21.83083064056263,118.28283596274473,157.62763733130583,143.0361148070709,132.17753278844327,156.3586770575936,1.0
141.0827431335291,172.00483675937122,178.79357401969253,31.138884090516495,54.00725513905683,179.24788391777508,178.98721713594747,125.41596130592502,144.76558991190188,1.0
124.62320080914962,152.02684198241656,155.9067921885941,29.19699681008325,51.33120672216603,156.81584065976816,159.4610596747841,124.75655488990897,142.9162063331518,1.0
128.68485365160558,165.15203182722365,171.73335227810932,28.977645164345933,63.07170597707682,172.09320829781188,172.11755233494364,124.57251113005589,147.71241830065358,1.0
121.92857819456285,155.57667898077105,163.8669129487544,27.91285403050109,65.27271005020366,163.9750876195889,163.45173818319597,125.7200909349247,146.74547693473525,1.0
117.42624398861518,154.69889096084012,163.0694867013446,27.234272254391993,70.24624595151634,163.1252330945137,162.35567769162824,125.14034743350673,148.5930905878889,1.0
154.95162086555868,183.04788546980419,186.77702813888433,32.23959190389995,45.411880862267566,188.02731610992265,188.84877406615107,124.68092808951786,142.75530689484944,1.0
144.46025227339396,188.40862422997947,200.67556468172484,24.525080668817836,70.81226166031094,200.7028454092109,194.7970079202112,125.61014960398944,151.79818128483427,1.0
83.55502756130014,126.00893366280175,149.77798897547996,23.337768485078882,112.92339859342331,149.817525185326,137.78502185896218,131.29671165177723,154.41455996958754,1.0
90.7165067715932,114.50772948995682,125.29787641658193,25.10875812370131,71.92706721487835,125.382171330887,123.7577552794848,128.42921142991878,142.7985322074362,1.0
164.22792607802876,205.35259606922853,209.0475212672338,29.47521267233793,55.568788501026695,209.89821061894983,208.72073921971253,122.7398063948372,148.96450572015254,1.0
123.93463539110806,158.20630091274904,165.0448522916871,29.35243890470115,62.84483266267544,165.26008440475022,165.60162920796938,124.97968397291197,146.760526057513,1.0
111.60802437785678,139.69913661757238,144.731030980193,26.150025393600814,57.94382935500254,144.76962925342815,147.4366683595734,125.08105637379381,143.66358557643474,1.0
73.92850678733032,104.6676923076923,119.51475113122171,19.950407239819004,97.54696832579185,119.51475113122171,114.4387330316742,129.078371040724,147.43800904977374,1.0
129.82792547624032,170.79317563324264,183.32823948084572,30.117647058823533,78.31442327820808,184.14737282813482,178.40694996859955,126.41092736026796,150.8147372828135,1.0
122.92724273801888,158.1774947310547,166.05617153853203,27.156877119032348,65.20168606249428,166.21964629341153,165.75203885274445,125.27526802895629,147.40896178869238,1.0
181.82439186937688,214.77307564145286,216.59380206597802,33.70543152282573,42.56281239586804,218.88370543152283,217.54215261579475,123.31222925691436,144.47317560813062,1.0
166.5087036569077,199.28744810656653,202.14068084184686,31.453355474531605,45.904566622143605,203.6662430959171,203.52395220389155,123.67192520125627,144.77147395400888,1.0
84.01425584489641,108.28644744345182,117.92643984033454,26.97281885573085,72.17772286637522,118.02204904010645,117.30051321041628,127.73370081733512,142.9055312678198,1.0
140.27089655172415,183.00303448275864,195.93903448275861,24.214896551724138,72.90289655172414,195.95227586206897,189.8416551724138,126.08772413793103,151.42924137931035,1.0
163.82194191845116,192.56644177178057,194.26958052214727,37.82575535347609,42.21325902024054,196.10208272220592,197.24376650044002,123.84188911704312,142.72865943091816,1.0
145.30771701598007,163.44768328916726,161.40504296153537,37.15369790411949,29.416767044085763,164.07998072753554,169.67750742792902,124.01766642576086,137.1736127840681,1.0
96.64140667548432,114.66039057029488,120.03571150704116,32.540418579320004,53.23574262818019,121.10417801291527,123.25651598848518,127.06146424959154,138.83894810550066,1.0
158.10135454621312,194.14680277028344,201.03682585597863,26.583734319806414,55.17250299001474,201.47665007092593,199.37028898840154,124.66631435485218,147.05081634355966,1.0
125.01823474017635,143.77758753531376,149.684616043147,30.86790514510744,44.53719715777759,150.20443455183633,152.11916787946237,126.9841623148703,138.82681277287904,1.0
96.456,146.97875862068966,175.66786206896552,18.90234482758621,115.41158620689656,175.66786206896552,159.10317241379312,132.06096551724139,158.66537931034483,1.0
162.809862459839,192.9289628533266,194.53533807443773,31.713490487708025,42.74044258330024,196.10679036857874,197.49139020251977,123.56937294682503,143.37011660228873,1.0
102.6249873031996,121.11528694768919,122.33864906043678,28.29578466226511,42.56719146775013,122.88847130523109,128.6370746571864,125.07993905535805,138.3246317927882,1.0
118.52860928452253,154.34488173520464,162.11551673373248,28.588477770144273,68.00157032093435,162.29090195308666,162.01845127097852,125.16154676612034,147.78957699479832,1.0
202.38785309291515,225.9360474025642,220.3468355723553,43.26684374521122,27.47908259692496,226.3865760841804,226.67385196914745,122.09592889615365,138.8458905858916,1.0
96.74526904722725,120.43162744775383,130.7141681750864,24.399374691459602,66.81487576106632,130.7984202731611,129.74773737041303,128.02912621359224,142.46569030771764,1.0
131.41849052900187,164.58906664049465,169.00588870350379,31.140543723623516,55.61468250073609,169.3647070370007,171.21758759446462,124.15320443615664,145.6888801648837,1.0
161.5160447841072,205.92323336116286,212.5783186693212,28.49549375976709,61.56988418641492,212.99995718536596,209.77169096397148,123.36645045276477,150.93252413674995,1.0
114.54332148298629,153.66968004062977,162.2133062468258,27.6260030472321,73.65921787709497,162.41879126460134,161.39603859827324,125.00040629761301,149.61493143727782,1.0
94.71064676616915,148.42905472636815,178.26487562189055,19.20457711442786,119.54885572139302,178.26487562189055,160.6905472636816,132.1544278606965,160.41253731343284,1.0
64.21828054298642,89.12036199095023,102.17122171945701,21.084705882352942,95.76180995475113,102.1876923076923,97.9780995475113,129.35149321266968,144.36868778280544,1.0
123.00198620689655,154.1239724137931,164.5943724137931,24.741793103448273,65.63062068965517,164.73953103448275,162.5968551724138,126.87817931034482,145.81081379310345,1.0
148.12632617813964,199.55514433752774,213.95361460646433,23.495682210708118,78.05921539600295,213.95558845299777,205.17419195657536,125.35183814458425,155.55835183814457,1.0
183.02218174721915,207.0092369739153,204.51245690496324,33.822871267807194,29.915631301632732,207.30208807649777,209.9847134586613,123.01678267091654,139.63130163273271,1.0
97.06968299146138,144.11306310727255,163.27019334576505,21.43811954068113,101.80370988320739,163.27078221611544,154.25763077829032,128.50721366179212,155.49406222396703,1.0
77.99164179104477,96.63900497512438,103.12656716417911,29.044776119402982,64.19860696517412,103.36995024875621,104.65174129353234,127.29412935323383,139.5773134328358,1.0
102.76140936303858,149.473746196879,167.8223574443027,23.64471488860536,96.9655510845029,167.84149573068996,159.25341054077927,128.1566395132005,155.0082441849053,1.0
149.9729655172414,192.4391724137931,201.7566896551724,25.058758620689655,65.0336551724138,201.81737931034485,197.98455172413793,124.66262068965517,150.57793103448276,1.0
84.9351796106763,105.25867951033514,115.0290989363837,28.06883403572145,69.86681383370126,115.52050304368186,114.22115191651615,128.50806073984882,140.8715633152719,1.0
127.36038598273235,158.03311325545963,162.75957338750635,32.591163026917215,55.55896394108685,163.3461655662773,165.20375825292027,124.71599796851194,144.61919756221434,1.0
130.79984844179216,163.589656152316,167.0651700293644,30.665435256228093,54.92507341100691,167.40020839253575,170.05332954437813,123.85355688168987,145.44444444444446,1.0
111.61159103335156,134.2098414434117,140.7337342810279,24.96085292509568,51.854565336249316,140.7561509021323,142.79595407326408,126.57550574084199,141.00546746856205,1.0
178.65607186042493,204.01796510623595,204.45050958714805,37.26913111072724,36.4121609949905,207.6362065987217,207.78580065641734,124.01105544999136,140.76248056659182,1.0
120.0877416822063,156.00431838256944,163.58445382275002,28.04544116203749,66.75699283541074,163.6513887525763,163.55304740406322,125.03003238786927,147.7498282461478,1.0
122.43728718452297,143.95809368344536,150.00406820297655,30.301429609886114,48.81458431637611,150.30803565735272,152.14390470967822,126.63324958871615,140.33722724548224,1.0
111.37328593194516,151.51579481970543,163.70766886744542,27.603656678517016,80.85820213306248,163.7654647028949,160.19685119349924,126.4528186896902,150.7554088369731,1.0
148.51310141969566,178.1148662844794,183.2458204520215,30.74805654770838,48.592880511450616,183.5743914518114,184.39961581174776,124.92511330551972,143.77209832818082,1.0
175.85010538076736,204.52606586932782,205.15235773596402,29.450166323861758,38.27228866712374,206.3232523298037,208.00345344201517,123.40255453137299,142.41438764886618,1.0
116.65256649327706,154.48336441260184,163.7581705761115,29.033369319854746,72.61124742369222,163.94170183531259,162.40730199234469,125.50142310334675,149.03592109137307,1.0
189.82380394693143,217.86196227866245,219.24092363089724,34.666084007761015,36.24709398870807,221.3096016361062,220.49196804698562,123.92530895488473,141.97433970179517,1.0
137.52803013516507,177.81697318856635,187.35541768225127,26.79104808331487,68.64768446709506,187.47174828273876,184.33458896521162,125.08619543540881,149.82716596499003,1.0
105.12484051428011,148.6437334380214,164.77897732849152,25.710766512906076,90.91382863872805,164.82844243792326,158.1385808224556,127.65364608891943,153.10285602119933,1.0
96.3531984691088,138.0148715144888,156.2986331328595,24.74510661563696,96.33449972662658,156.34751230180427,148.42493165664297,128.9651175505741,152.76500820120285,1.0
133.29016350895404,179.9387490267324,197.20192058136516,22.754736568907344,82.4866337918505,197.21100441214637,187.8183233843758,127.32961328834674,154.04464053983907,1.0
98.93483168122485,143.79713416429485,161.75110413190697,23.191088428697615,97.28628913534205,161.75620767494357,153.7897732849151,128.26136029050937,154.20129551477083,1.0
87.37369321421784,135.5409617943357,163.70271811442692,20.331305835392513,118.79794715833492,163.70271811442692,147.94544763352977,132.26534879300513,157.71811442691504,1.0
158.87490267324162,185.83752919802748,188.7425382818583,34.1715546327537,41.046457305995325,190.07033480404877,191.30184271995844,124.59693745133661,142.00622891253568,1.0
127.86917263715772,162.27431543821768,167.54961232701933,30.286583570517227,59.96584551967808,168.01472175875946,169.1385808224556,124.34870939248209,146.53420355285112,1.0
123.21574660633483,164.03819004524885,177.1820814479638,28.53918552036199,77.2812669683258,177.331221719457,172.25990950226245,126.52434389140271,150.86588235294118,1.0
109.12484051428011,149.88497399155952,163.30778290313083,24.866326430464227,83.80616350966729,163.33860045146727,158.84267347139073,126.87947786828934,151.281578172539,1.0
140.6888674930798,141.25098086412325,138.31775183535925,80.33026838368035,11.9097364303767,143.1360693224215,148.7644963292815,126.86145143819955,127.93628595498858,0.0
126.56514255780888,132.5168001197336,129.9339968569932,51.19097508044601,15.68597370849859,133.74863428870762,139.89830127965277,125.91493926014618,130.85414951732395,0.0
124.20778519867773,128.9304009534732,127.36643504463784,51.620657086959454,13.754368211563111,130.2930131102566,136.5539139625357,126.5256245924127,130.34792776990713,0.0
77.41270367073146,79.98086996128444,78.35833626632989,57.320283223949815,14.545827208546408,80.54971946750585,85.34374029523198,126.83085236330511,129.2771371193143,0.0
133.2670294569975,136.76356323198863,133.93320714539217,61.90708624157104,12.483993848337867,137.69802437004614,143.95199337513307,126.3144445758902,129.5012658227848,0.0
102.21495926739642,108.40318472575973,108.08014309878872,38.18527015729202,17.71436626290514,109.57161744405344,115.8500379134019,126.66227908152355,131.41568642700213,0.0
116.50521086451752,118.1970408769372,113.95273322893604,78.5464477923574,14.532642151304065,119.18386521950428,124.48618535918065,126.08801771153949,128.38895188725093,0.0
120.29107057824889,121.11970766650794,115.96797167760502,80.53435746671911,15.577731309910767,122.25922858739985,127.14324755181052,125.962361027722,127.78683671145525,0.0
125.3073849402704,129.14200534150433,126.74495352063104,55.083228090515725,11.437672097886173,129.909712014244,136.62077389702077,126.38423635121426,129.77248918241858,0.0
142.81820449499864,140.4870662775325,134.0441767068273,94.8542991843149,17.278480381151937,143.43388460674998,147.5355833270972,126.15345855471575,125.94287709845594,0.0
200.83288791070586,221.86354346800817,221.58056909290994,30.57585285332495,25.0756170413457,222.7025624901745,224.19446627888698,124.1531205785254,138.35733375255464,0.0
124.17750697841943,127.9971786175226,125.12092925533511,60.21373473001771,14.850796890476333,129.18134886094185,135.096497283669,126.22898220127863,129.67256955908397,0.0
131.15347502602776,132.78865442726186,126.68456870064243,77.83575836063076,17.085701226479774,134.32048449760035,139.70531474568955,125.470252152053,128.05454406947513,0.0
123.89185023441013,125.1760965898144,120.5357395157665,76.5917196497763,11.629268083831054,125.7062273885214,131.34660586988633,126.05863464132041,128.14475627769573,0.0
125.65172159629357,128.8735390123197,126.19231336211436,60.97336000842371,12.027777192797727,129.93212593450565,136.39389280825523,126.39875750236918,129.38515320627567,0.0
155.04237781031267,156.1874811977297,152.89344377369088,74.64403040452459,11.559014059084255,157.68781211768717,162.18138424821004,126.65919255530375,128.2325865907222,0.0
136.88644131418297,140.33156844538397,137.5540233518383,59.21761463539917,10.923563229744948,141.10443131754153,147.54610111227453,126.3385423869451,129.47932512792144,0.0
205.34375539816892,225.06650544135428,222.16151321471756,34.471929521506304,22.424598376230783,225.1024356538262,226.75418897909827,123.48281223009155,137.46830195197788,0.0
125.0824026192589,129.47262935650684,124.3336189223096,64.94207643584957,16.12417000703773,130.26155870383403,136.25366420856156,125.25831522903216,129.6680640127291,0.0
112.7724875041982,113.6429262895865,108.93543671098642,80.8800600588735,15.7024715016694,114.77005749056642,119.72505284785744,126.08672975482546,127.8653021712073,0.0
135.87270822420115,135.1031455012597,132.40474943251266,84.62276434932276,13.002818728329467,137.63788071540822,142.56274788595377,127.22058420015466,127.23692284666618,0.0
126.83595466510039,128.44991189714807,123.55389501620657,78.03906980791403,11.703952663751657,128.9288215971633,135.55291609562966,125.8808327351041,128.24649220126605,0.0
112.3044776119403,114.13165284687673,111.44442233278055,68.10918739635157,10.849021558872305,114.79142067440576,120.87279159756773,126.65025981205086,128.68349364289662,0.0
123.32081185696237,125.0383666593129,122.16832795170575,71.52455827199616,12.86749162672229,126.48825735544816,132.59872445398207,126.61500972704118,128.55010930386476,0.0
127.70470303681807,128.63929051330288,123.06605751142166,81.6747648481591,15.127492609513572,129.90459553883366,135.7402848696587,125.78419779629132,127.76533190002688,0.0
119.84578287880383,121.20419079709382,118.31508897546594,72.84197114878383,11.966642097504476,122.43761187743499,128.78742760871856,126.67246498894389,128.36912709276615,0.0
201.42586802698702,227.07404969557348,228.34408425209807,28.622840217212442,30.113542866545995,228.35560309363174,228.97778509132797,124.01991114036531,140.6621688333059,0.0
115.85080587647981,119.46842716547467,116.43030340077837,61.17986021965483,13.806141369684374,120.49367320740876,126.84946105100148,126.16357968090959,129.57843796483078,0.0
154.17346348982082,156.25941386765996,150.7758011688395,74.41742127459166,13.859739258878685,157.20146426048424,161.38954894783038,125.71149358850856,128.45554770620598,0.0
102.32089207998236,105.40604881570768,102.31890656023747,65.59667876697219,14.43691462265097,106.13704097390747,111.54024187240529,126.21062553899843,129.32303804576725,0.0
123.37977056462293,126.17969721050594,122.71650671393931,64.10126943374696,11.038612792142958,126.7778389062086,133.47415286182937,126.17266744096013,129.06885098926176,0.0
115.97821945007121,120.24690639979143,118.84811776739336,49.54260845149516,13.308216842823049,121.42712741421151,127.93682437175349,126.64988668498427,130.12789554962797,0.0
102.24458249973677,104.63746446246184,101.36670527535011,69.98671159313467,13.260608613246289,105.20857112772455,111.01956407286512,126.29276613667474,128.88362640833947,0.0
115.62768710393871,117.96566619801536,116.99790125720806,63.80506143407298,15.747193186217576,119.68392526030523,125.09694969130142,127.23801373352079,129.15657028750738,0.0
124.45275819548174,128.25315837230406,123.45308392080221,67.53916846978898,12.30294781415044,128.60373188152906,135.2861962262395,125.47197598939067,129.4311905260464,0.0
198.19415186291465,222.4775978619714,220.89168369753185,31.79437195409527,28.338783210187078,222.94434837289737,224.34098412199342,123.3258921553215,139.75176858984437,0.0
156.79374050050308,160.81167983216665,157.80303127609017,63.491554813435236,13.74694410549526,162.09055295099867,166.40250037462806,126.24081090916876,129.71414809581916,0.0
131.0346479084038,132.11960887026368,129.32078625059245,73.47756242360748,11.352016762702986,133.36386539948614,139.55294469804684,126.78375614258276,128.24196163536132,0.0
199.5275900015721,220.88665304197454,220.187863543468,30.890740449614842,25.545511711994973,221.70885080962114,223.22134884452132,124.001886495834,138.4203741550071,0.0
125.66990779930906,128.19135647120729,123.58393008304925,72.97513097988973,13.154956645084535,128.94243748427095,135.45027339907114,125.81342515271454,128.76297787640988,0.0
118.26338843845426,123.4840054754133,120.65782878803833,50.00859218700642,13.229482994629883,124.0296725281668,130.7505738654312,125.92970411708961,130.48480572812468,0.0
100.92723652944576,99.93734078307966,97.81484811508574,86.64217669599469,12.922184402628819,101.86185858326377,106.73621903966776,127.4229871770171,127.18772076295679,0.0
132.85232889418936,133.01017690320015,129.3506923739482,83.32654873119989,13.160458490691049,134.84054859868814,140.48491353607633,126.64649837673093,127.61311866428146,0.0
117.44043034415306,120.60205391527599,117.27685066324347,63.83479022760152,12.2173930761864,121.34374554271858,127.96102043727204,126.1302646861055,129.28540864356012,0.0
78.03721175107928,80.82735600716016,79.69093397915131,53.50232705064757,16.810108455301673,81.70872907233864,86.30106349373487,127.00661261450985,129.47231757397074,0.0
136.03120794291664,136.40354485665677,132.65153246489422,81.26119194535435,12.458774535943729,138.04296488154185,143.83111144968385,126.58114319087885,127.72375003174119,0.0
135.20908737330984,135.45697682399506,132.81603331121735,80.62179413850694,12.2653229312041,137.37674163215814,142.95174906769773,127.04266855796288,127.8152554393832,0.0
98.29716310222659,99.22436577103106,97.12733714344823,76.60438594222762,14.094908065892575,100.27890558328376,105.71232770436266,127.05635004784193,128.28022446921307,0.0
128.02632919537763,131.73273989865135,126.94254229562699,67.87564683486607,14.870445344129553,132.63018473335657,138.7372979059978,125.53173177467356,129.33337801967986,0.0
203.17871698113208,225.072,223.72890566037736,31.799849056603776,25.384301886792453,225.66188679245283,226.89600000000002,123.72981132075472,138.62732075471698,0.0
118.31435190060019,119.66534695166895,116.54273981257239,74.18117300200063,12.832957776139834,120.99262925134254,127.22929346109298,126.58647994103401,128.32665052121723,0.0
122.05441680486457,124.84499723604202,121.9011608623549,64.57342177998895,13.103681592039802,126.0562741846324,132.3630956329464,126.37906025428414,129.12433388612493,0.0
75.66354286158692,76.72222114206834,74.48750802014271,74.56345148056695,14.706219742188868,77.56384033597108,81.79472323216612,126.8981198841211,128.29179709525013,0.0
107.99068781709589,112.13403121186822,110.24297304818788,54.00295420974889,15.000299702438294,113.20152848243531,119.52218868409223,126.48076552565668,130.0118596536296,0.0
126.75635746027315,130.3282613247714,128.83471766594542,57.86770898769224,14.431935041064657,131.86647588469324,137.756636653405,126.78388124985459,129.7041716107117,0.0
118.63373327975201,121.86587442830626,118.50555906385748,66.25322923244732,14.278393325296133,123.1082343035383,129.24381422584534,126.1072392215397,129.31618730505005,0.0
104.3795731380986,107.84676642476398,105.24945946524522,59.85691349303192,14.401515638045085,108.82681480530046,115.08547941686469,126.32888061139298,129.56673731081284,0.0
108.05672760398336,110.49812633278815,108.89161715078363,61.59679923811101,12.40703091033312,111.67847456574398,118.08993602616923,126.9430032504503,129.12208856959484,0.0
136.30422433505836,135.92037549644965,132.98926465278615,80.66241424960886,12.69452401010952,138.2405343603322,143.4425321940065,127.04688891563366,127.4266458057528,0.0
121.20746590093323,122.87389327590333,121.32241293045313,66.308403489308,15.826100197959494,124.85722987230524,129.8991494267876,127.17701059409602,128.70647610346103,0.0
117.88390440306323,122.91313573731246,120.84081232912115,51.69030292313342,14.121482106179522,124.01194281594732,130.35812125086713,126.26032074214127,130.47376797203367,0.0
121.60527541489962,127.00279459711226,125.17113230211066,49.48763268207781,14.17554482386684,128.16296913686173,134.52288382810778,126.28963302527394,130.69308459784767,0.0
207.69705446766497,225.690801382261,224.76106631561626,31.68668751028468,20.65854862596676,225.91410235313478,227.73194010202403,124.65608030278098,136.89188744446272,0.0
122.84314444648206,128.90243902439025,126.20361880310531,50.46357764329523,14.655826558265582,129.7302809870204,136.09348574688755,125.81549401960184,130.92560669967602,0.0
205.499320754717,228.8667169811321,228.9809811320755,29.80467924528302,26.854641509433964,229.71094339622644,230.55939622641512,123.99532075471699,139.3993962264151,0.0
127.32105804800713,132.59221761744502,128.8352849553584,56.62392568074987,12.525658498595389,133.02592273245628,139.7092036825856,125.59978305009318,130.35607598809557,0.0
112.41862377409198,118.71693307394558,117.77980786586711,45.80263131505586,18.578708810493172,120.56767814524379,126.41196526343235,126.43823830248091,131.3128296664728,0.0
114.4546600331675,116.82993919292427,114.0326147042565,66.44616915422885,13.909032614704257,118.14589275843008,124.27942509673854,126.50768380320619,128.92950801547818,0.0
140.48163889451078,141.88398659740494,137.52938001754032,77.85149205064202,14.549371472261576,143.3230340237019,147.8202343205379,126.21815197103601,128.2206256043536,0.0
103.44880245382757,110.43716417585763,109.98696947943179,40.17927298831821,19.59725032086841,111.89482042245861,117.89036089538601,126.48619721986556,131.82346798929714,0.0
143.2989275843007,146.8252957435047,144.17116639027088,64.02752902155888,11.42268656716418,148.0579104477612,153.9731564400221,126.35869541182974,129.53023770038695,0.0
123.42512937778314,128.48340353833194,126.64544469851968,48.92485256950295,13.281357564087136,129.59542664580576,136.10550006017573,126.34312191599471,130.49811048260923,0.0
79.62162545841713,81.72608541346267,79.834449307938,61.86783390512244,14.022524547497929,82.35790843487518,87.23892109310303,126.83144445758901,128.96758547261328,0.0
201.5628045904732,223.02735418959284,223.2387989309857,29.83713252633234,25.526803961641253,223.98365036943878,225.34664360949537,124.31127181260808,138.52208772205628,0.0
122.07737536891715,126.81321924546431,125.40890892035965,51.24395433434761,14.159989933423322,128.3384657622,134.620009609005,126.58303781829828,130.38186643483036,0.0
141.4150988243468,140.46618397235477,135.4063956996325,88.00365677509005,14.649534675369791,142.6473223264403,147.67472985574022,126.37580677600424,126.84138738046916,0.0
118.4187705034945,120.78219940094138,118.60881879495486,64.88473215559223,11.579905047170772,121.89972899728997,128.3165230148542,126.74645964504758,129.00804857672637,0.0
77.24997324085372,78.7873397127138,76.48573202320553,70.75099008841222,12.917474792884208,79.31451630167192,84.16849699227197,126.7736390298204,128.5626913278959,0.0
123.21797207043109,126.80685421304729,122.6190154939396,62.54685286379276,11.794958285547235,127.14772088421148,133.91468213811868,125.74278711012165,129.40212282713802,0.0
128.78460411324508,130.46799937202366,124.61646344654352,78.6905123240358,14.735935946412685,131.33120519127112,137.40949290910044,125.53006436757549,128.14323093830131,0.0
72.40560176897968,75.52054332947247,74.24664630936086,51.55501737390755,17.44580393808571,76.23550594924713,80.54124460355902,126.86395703906497,129.65616510476994,0.0
199.0935387517686,227.8515956610596,228.23911334695805,29.5137556987895,32.753026253733694,228.47775506995757,229.34444269768906,123.31362993240057,142.00172928784784,0.0
123.86450331922747,129.400152423738,126.81929764745995,52.180461683480075,14.205029983353725,130.22121497763786,136.6583702693488,125.95884559074227,130.6620404725136,0.0
108.56108873606003,114.17960946246565,113.51409628218737,45.04123471509371,16.713523416258344,115.70254590924291,121.72019715893396,126.69210637276997,131.01693880221586,0.0
114.73329744725783,119.27964224343181,116.97855116871287,55.670814268855715,15.395540465000725,120.57820749052814,126.74542970124843,126.2461853791847,130.16713939669987,0.0
120.09029100900504,124.46645674976435,121.31216782655784,54.770120936202645,12.126672148573034,124.90421371412528,131.64988668498427,125.96897374701672,129.97998435651112,0.0
203.33822767317326,224.51045085506996,223.10399032648124,32.07980652962515,24.34133701848333,224.8509241665227,226.40231473484192,123.8151666954569,138.29193297633444,0.0
196.13928627574282,220.6631032856469,219.73667662317246,30.942147461091025,29.088979720169785,221.36267882408427,222.7805376513127,123.52601792171043,139.9229680867788,0.0
198.50668133941204,227.00911806319763,228.27558559974847,28.47539695016507,33.35639050463764,228.45071529633708,228.80883508882252,123.6728501807892,142.02075145417388,0.0
198.1590944819997,226.50778179531522,227.03694387674895,29.36880993554473,32.461562647382486,227.06854268196827,228.2072001257664,123.46549284703664,141.864329507939,0.0
128.09148152048016,130.56841107718228,128.4936927450774,63.59265031062441,11.342002737706645,131.64588817521323,138.09080762346005,126.79675687059071,129.09586185111087,0.0
123.18973656159585,124.13633100567773,119.24409928430029,77.97946442167547,13.455872435771933,125.03093389023037,131.29704801061584,126.0042854967478,127.88566207661684,0.0
112.09662862758469,114.13986883536232,111.70138986382143,65.73526403401456,12.247548183951386,115.30450652814827,121.70495978821124,126.69092075971201,128.80477728084074,0.0
125.32966785850817,129.2414490993726,126.21124828532236,57.91868492657807,11.642357597427422,129.71344082394478,136.42254154579595,126.11448424745328,129.70280420067914,0.0
139.4376222036007,138.75917320535282,135.0792768086133,84.48843350854473,13.08080038597293,140.97376907645818,146.0648536096087,126.83004494553211,127.17612554277443,0.0
120.6119335003416,125.69000641808658,122.53744228897952,50.90671000600402,12.871182791246557,126.2570754228691,132.88797333388544,125.83656653071365,130.35434048984493,0.0
125.70317116865593,129.10141690514413,126.24731858262953,62.02342895698099,11.559456504036667,129.7774830739164,136.3378934878202,126.29082617900933,129.44608082641167,0.0
113.53902838967146,117.06973941561135,114.61876444672738,60.592666495446196,14.576822016318628,118.45536084714621,124.46992117272853,126.39370172076575,129.6017543513049,0.0
102.15255343792776,106.6822364957355,105.52277561335158,48.29725176371486,15.28983889649363,107.85258502685059,113.99309255554385,126.67141202484996,130.3843318942824,0.0
125.64208419999474,129.1908322582344,126.63989889681683,59.72570495774203,12.444222111055527,130.0638213843764,136.51617914220267,126.38353387219925,129.578973697375,0.0
114.78805281820357,116.75898975396463,112.6891818399356,71.55306837216385,11.466096717352999,117.16052122082273,123.17135460854054,126.11083556309687,128.56590310861668,0.0
122.17485834034164,127.08334137564971,124.82216370479644,55.33070464478237,15.29381109288186,128.5988446638082,134.63264996622226,126.22676574800435,130.360773716791,0.0
120.79006001895335,121.92759818890177,120.715425923976,67.93678003580078,10.054501421501527,123.40124249763083,129.7979572496578,127.3462567126461,128.4566915868169,0.0
102.51272664996897,104.18247597028665,101.96868109519835,66.72022777385311,10.63027422773104,104.7849849078415,110.69207715197055,126.83537773210884,128.6561984886434,0.0
123.1624604045465,125.21426057431523,121.45847912051511,70.62300987557194,12.459721330821308,126.0363760584667,132.46382062483178,126.21968489265232,128.62557711020474,0.0
204.02037735849058,225.31350943396228,222.74067924528302,33.533433962264155,24.163773584905663,225.43954716981133,226.88150943396226,123.48528301886793,138.22520754716982,0.0
205.78383901902217,229.92485458261282,230.7810092752712,29.023423989938692,27.675522716554003,230.82707121521776,231.63826442383274,124.07168684169156,139.8033328093067,0.0
133.82648977335546,138.47102266445552,135.63131011608624,52.88466556108347,11.622377003869541,139.1085903814262,145.67792150359315,126.089773355445,130.12442233278054,0.0
198.72268511240372,222.94544882880052,222.39726458104073,30.687942147461094,28.476340198082063,223.62647382487032,224.9533092281088,123.70319132211917,139.78493947492532,0.0
121.38845080180124,122.69800517554047,119.29692116470036,74.87313812987753,11.61350530798541,123.55284552845528,129.3450903681969,126.51087067261649,128.30003871467287,0.0
201.10108473510456,223.35859141644397,224.24461562647383,29.073258921553215,26.546769375884296,224.44709951265526,225.73950636692345,124.45197296022639,138.92501179059897,0.0
69.32279737670726,70.42427949700166,68.25538998415595,72.19123162391449,16.600188524096993,71.3710515232346,74.96323780108703,126.90286997854035,128.32075168969737,0.0
107.0627853111156,109.15437720659335,105.12080325620094,72.94524275337876,12.437855584789403,109.58739796262564,115.47014774337178,126.07474870134251,128.63493669747464,0.0
111.12090756814375,114.69586025364919,112.29145728643216,57.20740063956144,12.39474428419152,115.4266135874176,122.07992342665709,126.39189453762317,129.6323174313124,0.0
128.6871420674406,133.1730901050304,130.0488225538972,54.978529574350475,11.753477059148702,133.67542288557215,140.35823106688778,125.9966611387507,130.0106135986733,0.0
121.54711936590559,124.3508576836626,119.59659292558854,68.33036791671596,12.041973263929965,124.66617768839464,131.35263220158524,125.68893883828225,128.91588785046727,0.0
152.9419827737056,153.81986273404235,149.9597534656738,76.95950070966111,11.200843816226937,155.06604709038945,159.663737289289,126.48581649913481,128.01707075224078,0.0
124.09417853577031,126.45510116755302,124.04908612995904,67.1379872445341,12.074556309472868,127.796258940033,134.10349043340057,126.66281557552418,128.96664425290868,0.0
110.42279451116391,113.27504120908527,109.34074026502259,67.24541348232826,12.613662149722776,113.7680303127609,119.2805857041937,125.95431678547727,129.07584612420527,0.0
129.31909869796937,131.58242820841485,127.51624727338145,70.02203782410218,10.544199329870247,132.00022487575615,138.6831725471677,126.06690053745305,128.69482111133598,0.0
114.91690900703958,119.00304847475984,116.81217785443533,55.60409939632178,14.66418643829847,120.35013337077075,126.52463849501615,126.37418022101443,129.93636308938852,0.0
196.99748467222136,224.28061625530577,225.187863543468,28.918409055180003,31.97531834617199,225.28218833516743,226.28674736676624,123.65681496620029,141.37698475082536,0.0
129.3233195545141,129.70311471525235,123.85145204181038,82.78373397224928,15.881598694083884,131.10937047471103,136.51425712856428,125.79639819909956,127.43898264921934,0.0
107.3732757712962,110.48442666105086,107.35404864694114,63.402569232389176,15.102327050647574,111.66709487206487,117.73233652732442,126.20602295461725,129.28248920711803,0.0
137.47190289641,138.14541990452338,133.76533299081626,76.60165264487402,13.134694838695866,139.45539785498684,144.2115471068011,126.32365722603987,127.85181855158093,0.0
200.56080302780978,227.65311831495805,227.92693763370085,29.688991278591413,30.77274971202896,228.06253085403984,229.27052822116175,123.42126049037354,141.19911140365312,0.0
121.27770442237404,123.37501196012018,119.45940256807701,72.13010697131486,12.861587921235433,124.26210842566547,130.7191189697074,126.12991560939206,128.6273800639149,0.0
106.78441165776835,112.00801806456552,110.81434066249498,48.025967812924584,17.19909294448591,113.5928966454255,119.66031345082956,126.53763132211954,130.71999923455232,0.0
112.6247070903873,118.7103551775888,118.2809562676075,42.31639503962508,17.036518259129565,120.29970248282036,126.3571522603407,126.70385192596298,131.28609041362787,0.0
111.63063321660256,117.43812312226115,115.22287923149052,49.08655299768452,16.193332950609488,118.4390416594906,124.76447174541211,126.03383278795187,130.8792697629026,0.0
132.81492725269288,135.57993208752166,129.9269603544042,73.61175200701612,14.864264993591041,136.57509725876454,142.47381321819694,125.40403427106524,128.73950392408196,0.0
132.05347547791837,133.2790657846852,129.61783657654186,73.73039624943806,10.657996703273179,134.20869993363732,140.64397491062445,126.42585575749791,128.1949778434269,0.0
153.03998346711913,152.656529400248,150.14370554069046,83.90219495747134,15.062389871435096,155.62720529052186,159.10974787356696,127.25858730883856,127.5151732689421,0.0
118.33129571897223,121.72247692401736,119.63182346109176,58.433013427878635,12.880555046151965,122.93540762475294,129.32880982945167,126.57093954398191,129.58222792754242,0.0
112.07015429598752,117.5961040757058,115.66817472390699,48.57765177707095,15.453918643933857,118.65553075053836,125.0574708102021,126.18272517138512,130.77070944544323,0.0
201.49358490566038,221.56588679245283,218.3085283018868,34.67245283018868,23.173283018867927,221.67849056603774,223.48407547169813,123.38611320754718,137.56603773584905,0.0
131.34108822526625,134.6838210224424,131.30408535729327,61.65492067948898,11.467419426004293,135.3204508533724,141.81795391187504,126.12089609113336,129.36308938850004,0.0
199.6843263637793,221.44804276057226,219.32777865115548,32.95755384373526,25.180317560132057,221.57082219776765,223.43829586542998,123.47838390190222,138.5266467536551,0.0
104.76200664262281,107.60845202436987,105.22906860647554,63.20484137172198,15.075249098355645,109.0186034191169,114.9406850459482,126.5405587138578,129.24129429264218,0.0
132.43695903969675,133.95413288406866,129.84908918605876,76.77830893966517,13.599536695798674,135.39583026218807,141.2997788775403,126.20713909655682,128.2814362430241,0.0
140.10869919266653,140.50959726390732,138.11016495660874,79.56892580442522,12.155929364137643,142.53563202345222,148.0029082617901,127.10576766478212,127.93806565691818,0.0
130.6936557688348,131.37470543823926,126.22869431924775,82.19494840879452,12.644832871948568,132.26962410487542,138.50040037520876,125.98281818389805,127.71106637077031,0.0
210.5913962264151,225.57252830188682,222.21796226415097,36.473056603773585,17.094641509433963,225.69237735849057,227.35441509433963,124.38113207547171,134.97916981132076,0.0
146.05777834863957,147.20675186778843,143.1719863849464,78.61841457410144,15.751632307922849,149.08849784856466,153.14364309721063,126.40089482585148,128.15415408986792,0.0
134.86442240662035,136.3744406215566,130.17648249342238,81.05583665025074,14.687625087139356,137.30322246958556,143.21034878229779,125.44520902201533,128.00478985360587,0.0
143.8458340083158,144.36344655038968,140.0986914340227,80.93088179707327,12.272224922152024,145.83177637381428,151.4561081411883,126.37318429720827,127.72151124070774,0.0
130.45927270189154,134.5607361392243,129.32593471533934,67.72532049044928,13.871664223726764,135.08098927433053,141.43384286079896,125.28459086573137,129.51117935832113,0.0
141.8251660824161,141.14348049910524,138.77591743681515,84.45419557276983,12.078101635084451,143.66700169146668,148.62245973573897,127.31814281862084,127.33804819454319,0.0
93.43998074377181,94.32663377061019,92.06934649175594,74.63350583704417,12.779251414129257,95.30249127452161,100.67952822240944,126.98093633409556,128.20000000000002,0.0
113.01716331473096,115.5160155838686,113.11866905338529,64.2345582815626,11.568558492155418,116.41196167210698,123.02099610403286,126.62143834895231,129.05035274297146,0.0
131.03569924389805,132.6022743226169,128.72826457551994,71.89396522332083,11.349511642365778,133.455145303945,139.81003188865046,126.26285072501555,128.34886985820583,0.0
198.72127024052824,223.0339569250118,223.64879735890585,29.25153277786512,28.75821411727716,223.95708221977677,225.2681968243987,123.95723942776294,139.90095896871563,0.0
106.95834807091015,110.59656767731073,109.54983658974831,53.33440387091297,14.296218219889361,112.06119041892445,118.09763585687809,126.91181505638008,129.89176723589082,0.0
112.6551356263706,116.24258648280222,113.46786652705613,60.345911452674,13.888634253314104,117.21281387676078,123.46033941166012,126.25542801825473,129.58604816563604,0.0
115.72011329135847,117.3936874707093,112.7459706176009,77.77121665953501,13.638038184893126,118.01450781425108,123.68539234264523,125.94912076940318,128.33190700328055,0.0
128.79205708336508,132.60981183819607,128.8783169548767,63.23277722759706,13.414768543206113,133.4558289530484,139.86612833599958,125.90178004621517,129.5474213453188,0.0
83.66634231175338,84.42920436429888,81.6707728618455,75.14660151963727,12.1291691683402,84.95683319185939,89.9339144117099,126.77402124179623,128.08807271070992,0.0
138.75789939192924,138.8750690989497,134.8701160862355,81.57587617468215,12.772117191818685,140.59663902708678,146.24765063571033,126.54228855721394,127.53094527363184,0.0
198.04621914793273,221.63213331237228,222.32526332337684,29.060839490646128,28.156264738248705,222.6544568464078,224.0528218833517,124.11020279830215,139.5573023109574,0.0
114.86288301568916,115.83845424871012,112.46939033378962,76.8072443929662,12.363693798041487,116.89727282299674,123.31001368853322,126.56331473096768,128.09729388227862,0.0
128.3438363736871,132.89746821448315,129.2162299613046,55.3379325594251,12.190337202874517,133.42821448313987,140.06299613045883,125.76844665561084,129.98098396904368,0.0
128.19999534678115,129.98410925757892,128.02268444196272,66.76380261045578,11.852702356855355,131.42058118703613,137.5702519718015,126.97156883274005,128.71673530164492,0.0
97.93757893211321,99.36527194053953,96.93917310200617,69.09974948758826,11.311960414898243,100.01867456160328,105.74300739115132,126.79954866358875,128.50191507422207,0.0
131.10324591967725,133.98867086415225,129.00421786172748,70.98883387330113,13.337388185911934,134.5610367381869,139.95549850235344,125.66234692422111,128.93993112863458,0.0
95.00320050575894,97.01679277713022,94.12035482150266,70.03970997886086,17.288223324179622,98.39676393306597,102.96319418377225,126.50184720548432,128.72939921370292,0.0
116.20348894640141,118.199043799514,113.67356816879705,75.54866941936504,13.14485251990438,118.85977043285853,124.15893869648536,125.92111345990477,128.52776735089003,0.0
145.20795234476503,144.75637977103915,141.37675581594883,82.27644448802491,12.322628882406296,146.96820532934572,152.0346137817763,126.90385605373471,127.35035422744099,0.0
115.28334817084533,118.53446098424463,115.62143640918407,63.561458354899486,14.710316556593032,119.80209519471647,125.9496490755885,126.28237510610546,129.37922610297923,0.0
126.25303020081405,128.63882704805596,124.24956711416942,69.98925093885629,11.08153994917808,129.02745732982527,135.74766691403,125.92466662169151,128.71465515302796,0.0
106.38957038136773,108.87378676811728,106.13719959172312,66.71808481024404,14.69832049735548,109.92565649067458,115.31988494015032,126.47950264452074,129.0339797717361,0.0
109.76554266211605,113.3781023890785,112.1103071672355,51.595385665529015,13.230361774744027,114.58154266211605,120.93673720136519,126.83344709897611,129.83729692832765,0.0
203.86720421260492,224.73457298008887,223.6639789369755,31.635510942899458,24.043771597827877,225.1369096593714,226.68668751028468,123.9236465361198,138.1895672206681,0.0
148.5255650588519,149.2353808617315,145.15757299514706,80.40705686784459,11.270209400219857,150.57827707322303,156.26334557739227,126.41429605598304,127.85012199372603,0.0
200.55954716981134,223.7799245283019,224.09056603773587,29.618867924528303,27.585207547169812,224.8683773584906,225.9634716981132,124.11864150943397,139.35049056603773,0.0
123.95459300367014,129.00166663711636,125.28116522756689,57.55077037641176,12.683817662807396,129.46545274019962,136.09373947270439,125.63986454140884,130.24992464672613,0.0
80.52218380571831,83.10382807809363,81.03258731703278,57.436554108610586,12.359889029212646,83.40289020931243,88.52528933148382,126.65232603879836,129.23185855365313,0.0
120.43883331578394,124.29552490260083,121.31089817837213,58.077519216594716,12.663325260608614,125.13355796567338,131.7174686743182,126.13562177529747,129.7039696746341,0.0
137.5354449240411,141.0695381023333,137.99520744689022,63.97904794089184,11.48409394632955,142.04695780402758,148.21586457965316,126.19584952612094,129.49251163576596,0.0
203.68830188679246,224.1993962264151,223.55064150943397,30.91758490566038,23.945962264150946,224.86128301886794,226.30641509433963,124.08649056603774,138.0188679245283,0.0
126.47661823748592,127.53955691632247,121.80503162820254,79.62343664250022,16.116027844371914,128.94636203460328,134.32200109759972,125.69966205482221,127.81343693134225,0.0
195.598648011319,220.1550070743594,220.53183461719857,29.29413614211602,29.29963842163182,221.0386731645968,222.61484043389405,123.9198239270555,140.05973903474296,0.0
202.0193365822984,224.89545668919982,223.67410784467853,31.619871089451348,26.34538594560604,225.3194466278887,226.6921867630876,123.59660430749882,138.99418330451186,0.0
111.44127564228066,115.80156192216494,114.50962605233961,51.22623942221932,14.041615001413996,116.87458939720246,123.31244969435923,126.66875503056407,130.2010702864974,0.0
109.73251071406389,114.58025713753338,112.13190203101385,53.028529430032506,16.014761599138733,115.78561520465415,121.89683443406969,126.12355851845717,130.33005527835863,0.0
105.18832016783337,108.215528867767,105.39464388928135,63.995161946353264,14.194271401965192,109.23787810673689,115.44619270866782,126.3301222357802,129.2906899578276,0.0
199.72818739191953,221.34805848137086,221.74139286275744,29.59676151548499,26.246030498349317,222.61405439396322,223.8363464864015,124.32353403552901,138.63276214431693,0.0
135.28218376389935,135.6261349385503,132.06325558063708,80.98294456985202,12.557210935540507,137.35542178747596,143.08602959618761,126.66415851517432,127.73557394866651,0.0
105.45402123194164,108.39855736903233,106.30071112741203,60.26152780324796,14.347250239419687,109.73932799478371,115.8610754528598,126.62624039774232,129.3376530757789,0.0
196.69615094339625,221.3358490566038,221.23547169811323,29.810716981132078,29.329509433962265,222.28754716981135,223.58339622641512,123.7942641509434,140.02701886792454,0.0
112.06992669574093,117.16538925489469,115.87233924097616,42.57826853484272,13.626593671708267,118.05218520924191,124.8033218892085,126.50999350468591,130.63689338405865,0.0
129.49111558026735,131.0025316455696,128.8776055838164,69.66023896841358,10.799171891636105,132.27046019164794,138.45238376907605,126.95968295279782,128.54063646042823,0.0
129.3348050587443,131.81052158946343,128.0297587866996,69.39906208685674,12.550525081693232,132.75215146299485,138.98453441093568,126.15707550699693,128.83830976078227,0.0
126.17716695566546,130.04701046817803,126.93582086357118,60.534048337721835,11.606811808276069,130.57076188641278,137.26611435788755,126.10538822169418,129.68961531051315,0.0
127.52104135955275,130.07120407198286,124.05735265485495,73.50807999332463,17.374600172447362,131.54240258114763,136.97299251800962,125.31468862125553,128.55650432509108,0.0
114.11793758886478,116.91563770610392,113.55658659482651,66.55059991518871,12.99446232133503,117.69507845044775,123.49297812367483,126.23210855845744,129.10172366484574,0.0
104.2783137121197,106.11937185375345,102.01612482701913,75.3398848799663,17.306712661198134,107.23529411764707,112.0765929283408,126.09498405567479,128.4438138023706,0.0
99.15203980099503,100.49603095632946,98.33494748479823,73.39562189054726,13.163692647871752,101.5322498618021,107.16543946932006,126.92917634051963,128.47584300718628,0.0
114.7519927123662,118.76621602037226,115.73025403200762,56.594459742034324,12.024906316639408,119.24931160845532,126.07260719239767,126.06399453427466,129.80054243183372,0.0
125.43735291835837,130.63283250148697,128.31397243269802,54.010370063875456,14.706845276578138,131.93555561302335,138.18648012619929,126.16382632082546,130.49579766738213,0.0
116.07389718076286,120.52437810945274,117.7076174682145,56.19907131011609,15.286898839137645,121.70045328911002,127.92913211719183,126.09313432835822,130.0505472636816,0.0
103.00437215458977,105.15527165520147,101.09548544954976,73.5510920358597,16.775134874952368,106.26058442470068,111.0019454082349,126.04239786606767,128.64142315637474,0.0
92.22571338317364,96.20086343055702,93.22211224597241,59.46762135411183,17.880130567547646,96.96659997894072,101.89933663262083,126.0561019269243,129.82499736758976,0.0
117.37790152515453,122.15450561647245,120.00042099623018,56.243871634422185,16.201140517059915,123.71351206536924,129.67196739192835,126.2650171268921,130.30571980787263,0.0
201.7366136498326,226.37004468790542,226.2123716624221,30.135713484855764,28.471865840180673,227.01973315394102,228.18113818012907,123.71217144779202,139.99945541620616,0.0
126.64603785138834,130.66699198193544,129.41374361329582,49.15959584361904,11.3768490345791,131.76219453853074,138.45643645827354,126.76944715540503,130.0153854985935,0.0
206.94470956063847,226.5081454665131,226.87164719433932,29.830179364818168,23.018265591574792,227.34803356919534,228.63913115023863,124.74707915089682,137.81076188909,0.0
140.8406794881389,140.6284018059817,138.33111327296766,79.35453615705056,12.015315922073388,143.01673775848738,148.23086133353289,127.25206415725012,127.60368180797725,0.0
128.9260792971699,131.9346587659292,129.14312841748838,64.36511931181221,12.823743393809055,132.9813768331465,139.17847582877667,126.41181450044613,129.25424969685875,0.0
146.06461213250634,144.99613384140406,140.1005757516758,89.6938503045643,13.869996940450033,147.21263872277697,152.1923344366256,126.47495341139822,126.80875031290853,0.0
201.12150943396227,221.7856603773585,223.9417358490566,27.314867924528304,26.033207547169813,223.94973584905662,224.69388679245284,125.36362264150944,138.45101886792455,0.0
196.09070900801763,219.46093381543784,218.29759471781168,31.593145731803176,27.683697531834618,219.91510768747054,221.733375255463,123.55541581512341,139.3993082848609,0.0
128.77033600239469,133.16099179326,127.74803562074385,66.77083489236449,15.838658983761132,134.06405747212452,140.03098106712565,125.16840030931178,129.64491506398264,0.0
123.70673884268132,124.65736807791849,122.9510836280301,74.65217219511231,11.25080506549183,126.34976391330976,132.4797202520892,127.20773653120493,128.28735405101054,0.0
130.08338227936218,132.26174160847526,127.10805107790031,73.90241249537732,14.216558985403205,133.19724161935216,138.2888903391416,125.72296547673432,128.51430311731818,0.0
112.83167204829427,115.58284029602295,112.74755821182889,66.62483704699063,14.176089528890316,116.57820741661821,122.13194681213776,126.4148332363972,129.145464391007,0.0
201.91290677566423,222.22465021223078,221.15972331394437,31.394592045275903,23.886338626002203,222.8038044332652,224.4642351831473,124.07404496148405,137.93711680553372,0.0
145.20529595660545,147.64876503592058,142.13374464296805,71.70292540527112,12.41947371690027,148.23744850003106,153.0860644707149,125.58603341545724,128.62000786733194,0.0
191.8094639207672,218.80977833673953,217.48703034114135,31.166483257349476,32.1732432007546,219.5252318817796,220.96085521144477,122.94497720484202,141.0440182361264,0.0
114.46328358208956,115.93426202321726,111.36344941956882,76.41397457158651,13.640110558319513,116.59113322277501,122.06419016030956,126.03449419568823,128.25576561636262,0.0
110.78168251293778,116.12747623059335,115.90552413046095,39.816801059092555,15.212853532314359,117.47654350704056,123.83807919123842,126.88860271994224,130.9281020580094,0.0
127.90140614334472,130.35795221843003,125.81059385665529,71.25911262798635,14.71213651877133,131.47000682593858,137.31549488054608,125.87175426621161,128.7221843003413,0.0
131.04763128037163,133.87376105152742,130.91595487337574,63.8134780467964,11.992015070751183,135.0235908633571,141.26482991886627,126.37535589664547,129.12367007043008,0.0
122.65821353882096,126.40143565009326,124.82157996872468,51.800855361079186,11.315258963392807,127.34139080957854,134.11816794468413,126.69785406108107,129.83305386513933,0.0
125.50261415127221,128.24208381371156,123.94511622918732,70.38906614473014,13.958575756763278,129.22701557766038,135.48593720674583,125.90240501917043,128.89945572029922,0.0
122.58105646630237,127.85810339787268,125.68897434167623,51.126245249499654,14.136791922462839,128.50617283950618,135.08776900762328,126.18167712338933,130.57062223121724,0.0
117.84152659526363,122.11228537099004,120.31923360163306,54.372449968346665,14.040477513210424,123.47964496582732,129.83040270797534,126.51113034715314,130.09176884019587,0.0
83.30249891306599,85.73039895654334,84.33529326514979,56.72559574335935,13.041614045257862,86.31496242313824,91.53998882010724,126.95116043146105,129.21573052317757,0.0
123.66424763984331,125.979577419562,121.57285980348084,68.65536360327961,12.537965876736669,126.52437223042837,133.10667266071545,125.92845674651596,128.69839231049173,0.0
123.83016815680132,127.93769714372729,123.94533272422719,58.54867410646305,12.381735517413908,128.39265592029412,135.05597250320866,125.73160173160173,129.71815788901216,0.0
111.04281170357785,114.2222178319537,112.5600489953968,58.42833435407077,13.679257956812929,115.67145425449948,121.87733370211589,126.76731137760041,129.509611395381,0.0
124.06535445894698,129.30690305018496,125.02296363509458,59.397594285847234,14.14618087061725,129.8545403783067,136.39084711849424,125.38591470649823,130.2689095181592,0.0
127.42291544301594,130.2111422915443,126.88202919358697,68.43359655419957,14.312580217102829,131.7188322565207,137.6314037721073,126.25038612978311,129.0425721682003,0.0
112.2659576536465,117.71776874769118,116.00960472848172,48.90187233877083,16.42620496568351,119.10652693795814,125.21418155658819,126.29243870666694,130.74450255672429,0.0
120.79166062814434,123.90884246702967,120.56845613962444,64.16020372249022,13.11527711641581,124.8920312208857,131.2450052793938,126.14550423386679,129.24674437382248,0.0
115.52783397507015,118.47988862059213,114.14812156018186,69.56129130500989,14.977724118427636,119.23676825686876,124.70384389479867,125.84141486654049,129.0317605342731,0.0
133.64631541073558,136.441611009917,131.20769524837527,72.7489037306888,13.784658975915807,137.40623805347545,143.4140862173649,125.55528570464818,128.81056466302368,0.0
129.87428484413408,131.12712915225478,126.31595205464552,77.36409319323892,11.652265657290782,131.69192281755096,138.31469033479084,125.9801170353934,128.0601709847941,0.0
112.57466837826273,114.70038918434297,110.68926380993133,71.47916539315769,14.30904497014895,115.58638466083909,120.65896448438168,126.0825437577684,128.67661022474886,0.0
133.99719077684756,135.46174171835452,130.2839540511223,78.06166383890078,17.270047005813147,137.06313798570358,141.49077962896004,125.90977109003421,128.12513559369177,0.0
160.21634142917313,158.3492910290608,154.75335432502357,89.2890234852891,15.088967329175109,161.86699023284731,164.3714726940896,127.14686829385693,126.64140310061973,0.0
120.9032603343823,123.62034123263332,120.12598206066833,65.86888018324663,11.568428488857492,124.22860873846682,130.8738466807955,126.17239312396978,129.01826044141887,0.0
124.2486076892818,126.6525330738494,123.8665866131136,66.86555143785843,12.458209974948758,127.72170348439991,133.94494937993002,126.52555847705017,128.94737169002713,0.0
69.72142556306532,71.52764685826598,69.21431579791822,69.30045526563848,16.261466877920622,72.21776538777803,76.05473215539199,126.66801708750327,128.72850524457994,0.0
121.63327016728813,122.64054445055729,120.49511991360515,73.7034048535974,10.375084051592395,123.93524461560405,130.45347107606415,127.03031970169326,128.26865945351182,0.0
121.71449187193163,127.35704078889658,124.26703074376424,53.77854020175153,15.960710799224685,128.482222945346,134.64549171630281,125.77033431898246,130.6373707219762,0.0
132.0619425056193,133.07067313379864,127.5058322489057,81.48879687684845,12.818857210457825,133.78180527623329,140.12804921329706,125.76730154974565,127.82893647225836,0.0
124.07913764510779,126.37572139303484,121.7664787175235,72.32389165284688,14.690702045328912,127.51564400221118,133.6368601437258,125.85417357656164,128.6350690989497,0.0
110.94571795342013,117.14458911506408,115.13370825437578,47.78030441958555,18.302687613342297,118.46657293640605,124.5539865924975,126.04340118589155,131.11435091794527,0.0
112.59595661787934,117.02449194482469,114.7231546804254,52.90938191007687,14.224344529851532,118.1269664104454,124.48265768137307,126.26604190797094,130.10910813941246,0.0
128.76494087996352,130.2004986996273,125.30643215272005,78.76856047403275,13.675737995013003,131.24181569563234,137.36035069844758,125.93570528460734,128.12799957101106,0.0
113.53792125191607,118.18815346953716,114.72486215653527,52.74803816147704,12.844311240248004,118.47315198242924,124.55125946601386,125.80916973620992,130.1127914159555,0.0
126.52921931746556,130.07014437074167,124.14115916799233,70.26298886454363,17.013986853558244,131.29573491010595,136.87438845034066,125.1434102710328,129.1070924753129,0.0
129.4378184075099,130.75510098528537,125.85254338100286,77.21215961105796,13.14551708086581,131.68362254001914,137.7567560578241,125.95733016111096,128.07882282965681,0.0
140.83916355899242,143.55512594660138,139.70559838934773,71.07744400466723,13.770390537417923,144.63824383994142,149.55368459584983,126.140611773319,128.97604612322405,0.0
148.02921534077313,149.77702364637037,144.36154799973895,76.3697926863756,12.486697557049315,150.53457765015554,155.50081576714743,125.76501555396027,128.26104548717615,0.0
91.27672997019731,91.43374883073375,88.25334464530444,77.31497313406861,12.640105288346493,92.25578106985142,97.3794948769823,126.7580325871783,127.68781135112793,0.0
131.2274793882834,132.91174487154387,128.49128760686548,74.61678522482542,12.067219212947856,133.75126715830234,140.00104418194869,126.05784332920011,128.34945289216645,0.0
113.08668557586799,111.83613175710649,109.91726879360675,87.64882714643589,13.205896358253453,114.22245916233618,118.97240222769715,127.58445994906938,127.09751350903709,0.0
141.60789723070442,142.7845424871012,139.0235021585764,74.24866800042119,11.082152258607982,143.7048331051911,148.91736337790883,126.44841528903865,128.2011793197852,0.0
132.21503632726123,133.2153732757713,129.89773612719807,75.55204801516268,13.32603980204275,134.9875750236917,140.71233020953986,126.60852900916079,128.09158681688956,0.0
137.59348691509496,140.39552742065305,135.37594900911483,68.35626182862363,11.742761426178511,140.7592725532424,146.25495442580868,125.67217037568795,128.8882290239074,0.0
117.70900829309045,120.17820975202233,119.06304378833262,63.52299447806508,14.567353342706358,121.76773233897752,127.19807649204311,127.1593618191821,129.20985390305032,0.0
91.83217858271033,93.84369800989786,91.20048436348321,62.25239549331368,10.390228493208381,94.08651152995684,99.92702958829105,126.56365167947773,128.81000315889227,0.0
128.45996682551802,131.17856296569337,128.66119902056292,64.17382375398225,14.385166267344198,132.7459519233301,138.47126194676287,126.58352860640846,129.10136647271003,0.0
112.96673054507379,119.53009858347986,117.86617144437639,45.510046031965544,17.30379121638975,120.7817531659324,126.92182468340677,126.09186636900647,131.3646205820179,0.0
