File Name,S1,S2,Confidence,Color
wechat_2025-09-29_103053_864.png,0.8480654148393871,0.9767174528767066,0.1286520380373195,Blue
wechat_2025-09-29_103107_212.png,0.8554462382976803,0.9686875365820253,0.11324129828434504,Blue
wechat_2025-09-29_103131_104.png,0.8365990320868949,0.945433655304904,0.10883462321800907,Blue
wechat_2025-09-29_103145_146.png,0.859794534762106,0.9633789011370824,0.10358436637497637,Blue
wechat_2025-09-29_103204_333.png,0.8646815881367658,0.9584760066521497,0.09379441851538395,Blue
wechat_2025-09-29_103225_776.png,0.858763090551584,0.9647613161802148,0.10599822562863082,Blue
wechat_2025-09-29_103236_347.png,0.8234677469913789,0.9631666999275128,0.13969895293613388,Blue
wechat_2025-09-29_103246_504.png,0.8617683045577672,0.9625136262572822,0.100745321699515,Blue
wechat_2025-09-29_103259_039.png,0.8461843854266109,0.9585845481982838,0.11240016277167286,Blue
wechat_2025-09-29_103313_335.png,0.8588072626353539,0.9655323823699092,0.10672511973455534,Blue
wechat_2025-09-29_103336_383.png,0.8400515899311811,0.9486574223174442,0.10860583238626309,Blue
wechat_2025-09-29_103349_157.png,0.8525374788414074,0.9701671651915961,0.11762968635018867,Blue
wechat_2025-09-29_103357_995.png,0.8574327749979571,0.9612958882600102,0.10386311326205311,Blue
wechat_2025-09-29_103407_127.png,0.8413499707161931,0.9424141772421954,0.10106420652600234,Blue
wechat_2025-09-29_103417_563.png,0.8325529880303142,0.9332295523004482,0.10067656427013405,Blue
wechat_2025-09-29_103436_296.png,0.8465159799579174,0.9765415192202745,0.13002553926235716,Blue
wechat_2025-09-29_103455_551.png,0.8461352561744528,0.9761359367362528,0.13000068056179992,Blue
wechat_2025-09-29_103504_657.png,0.8557505037583161,0.9617559314666524,0.10600542770833632,Blue
wechat_2025-09-29_103514_846.png,0.8659935756520896,0.9525575992919864,0.08656402363989679,Blue
wechat_2025-09-29_103523_721.png,0.8481191620833503,0.9741959644563754,0.1260768023730251,Blue
wechat_2025-09-29_103536_000.png,0.8401114977613187,0.9474488694304896,0.1073373716691709,Blue
wechat_2025-09-29_103545_537.png,0.8336933112515525,0.9427821095591391,0.10908879830758655,Blue
wechat_2025-09-29_103555_046.png,0.8464691710796308,0.9755563538977021,0.1290871828180713,Blue
wechat_2025-09-29_103604_260.png,0.8281074549686389,0.9607792343793793,0.13267177941074038,Blue
wechat_2025-09-29_103615_118.png,0.8315262857380148,0.9474232045744243,0.11589691883640951,Blue
wechat_2025-09-29_103834_428.png,0.8726069773091809,0.9488884784970796,0.07628150118789867,Blue
wechat_2025-09-29_103846_154.png,0.8603428566383939,0.9631027169503359,0.10275986031194195,Blue
wechat_2025-09-29_103855_491.png,0.8323493888223328,0.9427245902020125,0.11037520137967971,Blue
wechat_2025-09-29_103904_725.png,0.850611532851062,0.973843404760543,0.12323187190948104,Blue
wechat_2025-09-29_103915_333.png,0.873094161076151,0.9490549293569778,0.07596076828082676,Blue
wechat_2025-09-29_103928_751.png,0.8629492689817192,0.9602143897976405,0.09726512081592131,Blue
wechat_2025-09-29_103937_978.png,0.843623333535093,0.9745023684520685,0.1308790349169755,Blue
wechat_2025-09-29_103946_783.png,0.8676323076893478,0.9571089218348555,0.08947661414550767,Blue
wechat_2025-09-29_103955_338.png,0.8458030240878179,0.949872669687812,0.1040696455999941,Blue
wechat_2025-09-29_104004_619.png,0.8704573893663405,0.9523842997121559,0.08192691034581534,Blue
wechat_2025-09-29_104018_207.png,0.8426685352228906,0.9469850614916031,0.10431652626871246,Blue
wechat_2025-09-29_104028_300.png,0.8618281220018942,0.959527148185622,0.09769902618372783,Blue
wechat_2025-09-29_104036_490.png,0.8768137868673229,0.9355065415014842,0.05869275463416124,Blue
wechat_2025-09-29_104045_770.png,0.8489789936030376,0.9347104629441436,0.08573146934110598,Blue
wechat_2025-09-29_104055_645.png,0.842278496540757,0.9198620296688659,0.07758353312810884,Blue
wechat_2025-09-29_104109_286.png,0.8744659380635593,0.9439293888689204,0.0694634508053611,Blue
wechat_2025-09-29_104118_170.png,0.8554667883944342,0.9656334583608356,0.11016666996640134,Blue
wechat_2025-09-29_104126_252.png,0.859589558561532,0.9568202874733666,0.0972307289118346,Blue
wechat_2025-09-29_104135_061.png,0.8682072935381121,0.950985620079627,0.08277832654151485,Blue
wechat_2025-09-29_104143_441.png,0.861207555902352,0.9591848287699396,0.09797727286758762,Blue
wechat_2025-09-29_104155_612.png,0.8465465272827226,0.9408479330282233,0.09430140574550072,Blue
wechat_2025-09-29_104204_258.png,0.8385762823599131,0.9394248236614346,0.10084854130152154,Blue
wechat_2025-09-29_104212_104.png,0.856868919771461,0.9625811404100828,0.10571222063862185,Blue
wechat_2025-09-29_104221_707.png,0.8419415034687556,0.94646672294978,0.10452521948102433,Blue
wechat_2025-09-29_104230_769.png,0.8398384702253682,0.9380995755489736,0.09826110532360544,Blue
wechat_2025-09-29_104310_355.png,0.8425254773880818,0.964947765293749,0.12242228790566723,Blue
wechat_2025-09-29_104320_437.png,0.8411906438596597,0.9714085750087708,0.13021793114911107,Blue
wechat_2025-09-29_104329_791.png,0.8393876898170864,0.9734213797872638,0.1340336899701774,Blue
wechat_2025-09-29_104340_112.png,0.8596070748391789,0.9640252006503804,0.10441812581120158,Blue
wechat_2025-09-29_104348_583.png,0.8498175459849131,0.9685707647402417,0.11875321875532863,Blue
wechat_2025-09-29_104400_868.png,0.8563852146864553,0.9683910318361759,0.11200581714972058,Blue
wechat_2025-09-29_104410_129.png,0.8196383367016759,0.9432321276977083,0.1235937909960324,Blue
wechat_2025-09-29_104418_873.png,0.8652009889177661,0.9570831004121301,0.09188211149436398,Blue
wechat_2025-09-29_104427_995.png,0.8264534200171727,0.9291956326817989,0.10274221266462624,Blue
wechat_2025-09-29_104435_798.png,0.8550020312387723,0.9666621604261321,0.11166012918735979,Blue
wechat_2025-09-29_104746_289.png,0.840954340388295,0.9803570296662248,0.13940268927792987,Blue
wechat_2025-09-29_104756_700.png,0.8698509444539837,0.9530781057288562,0.08322716127487251,Blue
wechat_2025-09-29_104804_874.png,0.8635904497415159,0.9600541089593244,0.09646365921780853,Blue
wechat_2025-09-29_104812_955.png,0.8379897066920818,0.9836033194062793,0.14561361271419748,Blue
wechat_2025-09-29_104820_739.png,0.8395115486998851,0.9627160909408811,0.12320454224099597,Blue
wechat_2025-09-29_104832_218.png,0.8484617737380767,0.9634452520595107,0.11498347832143396,Blue
wechat_2025-09-29_104840_290.png,0.8455194684437175,0.97819074899664,0.13267128055292254,Blue
wechat_2025-09-29_104848_680.png,0.8425410199458082,0.9811672212003427,0.1386262012545345,Blue
wechat_2025-09-29_104855_496.png,0.8544860865335833,0.9697043650567474,0.11521827852316413,Blue
wechat_2025-09-29_104902_817.png,0.8570629087322266,0.9669354261114348,0.10987251737920822,Blue
wechat_2025-09-29_104912_324.png,0.8532633791559627,0.9648930163549916,0.11162963719902885,Blue
wechat_2025-09-29_104920_584.png,0.8464835292029016,0.9665602240813811,0.1200766948784795,Blue
wechat_2025-09-29_104928_556.png,0.8621285260229957,0.961576803501034,0.0994482774780383,Blue
wechat_2025-09-29_104936_330.png,0.841575526142478,0.9789389571108129,0.13736343096833492,Blue
wechat_2025-09-29_104951_176.png,0.8379119414863759,0.9693538367959901,0.13144189530961414,Blue
wechat_2025-09-29_105019_048.png,0.8376282933197813,0.9850212002712964,0.14739290695151508,Blue
wechat_2025-09-29_105026_476.png,0.8224711346245767,0.9463772485159458,0.12390611389136919,Blue
wechat_2025-09-29_105038_682.png,0.845108262304114,0.9769492796280013,0.1318410173238873,Blue
wechat_2025-09-29_105046_832.png,0.8350144046583208,0.947748330782902,0.11273392612458122,Blue
wechat_2025-09-29_105057_278.png,0.8466869404977907,0.9775100533864014,0.1308231128886107,Blue
wechat_2025-09-29_105111_207.png,0.8368386538926175,0.9845896300189985,0.147750976126381,Blue
wechat_2025-09-29_105120_163.png,0.845632516740328,0.9742186518426871,0.12858613510235906,Blue
wechat_2025-09-29_105129_107.png,0.8505846287898735,0.9707099167111275,0.12012528792125399,Blue
wechat_2025-09-29_105137_107.png,0.8486387411559323,0.9701482452288697,0.12150950407293737,Blue
wechat_2025-09-29_105145_268.png,0.8433318460827984,0.977903813130539,0.13457196704774055,Blue
wechat_2025-09-29_105324_932.png,0.8413464166070909,0.9820771295925002,0.1407307129854093,Blue
wechat_2025-09-29_105332_756.png,0.8234503179501551,0.9969219601434925,0.17347164219333744,Blue
wechat_2025-09-29_105343_795.png,0.8353815569948888,0.9890310468143589,0.15364948981947013,Blue
wechat_2025-09-29_105352_239.png,0.8295371462506224,0.9821736513550989,0.15263650510447657,Blue
wechat_2025-09-29_105400_876.png,0.8418020203344028,0.9828385231988833,0.14103650286448055,Blue
wechat_2025-09-29_105413_266.png,0.829895690521943,0.9901430668830756,0.16024737636113262,Blue
wechat_2025-09-29_105421_379.png,0.8325823402319112,0.9751802735936687,0.1425979333617574,Blue
wechat_2025-09-29_105428_594.png,0.8222633094160979,0.9729801769522046,0.1507168675361067,Blue
wechat_2025-09-29_105436_108.png,0.8344964926999172,0.9832708790333771,0.14877438633345985,Blue
wechat_2025-09-29_105443_990.png,0.8239642869192285,0.9873211198766043,0.1633568329573758,Blue
wechat_2025-09-29_105459_643.png,0.8409110650195164,0.9814478779209178,0.1405368129014014,Blue
wechat_2025-09-29_105507_264.png,0.8443109231938014,0.9782646351506856,0.1339537119568842,Blue
wechat_2025-09-29_105524_484.png,0.8423074787405259,0.9737985990744189,0.13149112033389299,Blue
wechat_2025-09-29_105532_899.png,0.8325325453309494,0.977612379449689,0.1450798341187396,Blue
wechat_2025-09-29_105540_044.png,0.8413913850700557,0.9513977038903187,0.11000631882026302,Blue
wechat_2025-09-29_105550_812.png,0.8557399820705642,0.9626391996801134,0.10689921760954912,Blue
wechat_2025-09-29_105557_747.png,0.86969266630181,0.9491707140947796,0.07947804779296963,Blue
wechat_2025-09-29_105605_219.png,0.85129025770148,0.9691522010165396,0.11786194331505961,Blue
wechat_2025-09-29_105612_928.png,0.8486704487799404,0.9745118183003515,0.12584136952041114,Blue
wechat_2025-09-29_105625_147.png,0.8493220904000823,0.9729346840929612,0.12361259369287891,Blue
wechat_2025-09-29_105655_369.png,0.8485459537962858,0.9709413443095591,0.1223953905132733,Blue
wechat_2025-09-29_105702_810.png,0.8331983948887007,0.9898767761417264,0.1566783812530257,Blue
wechat_2025-09-29_105710_248.png,0.8115014373429532,0.9862495750777767,0.17474813773482345,Blue
wechat_2025-09-29_105717_398.png,0.8396702300628958,0.9806320904197335,0.14096186035683778,Blue
wechat_2025-09-29_105726_842.png,0.8366362339607865,0.9877968186059799,0.15116058464519344,Blue
wechat_2025-09-29_105747_192.png,0.8470954700913472,0.9740442366917154,0.12694876660036813,Blue
wechat_2025-09-29_105754_784.png,0.8345898317894112,0.9771220410412904,0.14253220925187926,Blue
wechat_2025-09-29_105801_733.png,0.8259593351554992,0.9672219900043227,0.1412626548488235,Blue
wechat_2025-09-29_105808_034.png,0.839051599112461,0.9727665208139569,0.1337149217014959,Blue
wechat_2025-09-29_105815_404.png,0.8259731695171394,0.9865510863266942,0.1605779168095548,Blue
wechat_2025-09-29_105833_023.png,0.807250073113301,0.9725695711130249,0.1653194979997239,Blue
wechat_2025-09-29_105840_450.png,0.8164018155153564,0.9722000792932801,0.15579826377792372,Blue
wechat_2025-09-29_105848_292.png,0.8411227608880981,0.9815878549037469,0.14046509401564877,Blue
wechat_2025-09-29_105902_610.png,0.8327639345308289,0.9910068219603416,0.15824288742951276,Blue
wechat_2025-09-29_105910_609.png,0.8265217204954892,0.981056940887451,0.15453522039196177,Blue
wechat_2025-09-29_105929_962.png,0.8279429185065921,0.9951705505335496,0.16722763202695756,Blue
wechat_2025-09-29_105938_026.png,0.8297727189707648,0.9812821604962025,0.15150944152543777,Blue
wechat_2025-09-29_105944_433.png,0.8374038173941591,0.9652489254952937,0.12784510810113459,Blue
wechat_2025-09-29_105951_023.png,0.8302632691855687,0.9847050427068954,0.1544417735213267,Blue
wechat_2025-09-29_105957_465.png,0.828198271325659,0.9891423132598607,0.16094404193420164,Blue
wechat_2025-09-29_110009_128.png,0.8306662204125634,0.9655864006689068,0.13492018025634334,Blue
wechat_2025-09-29_110015_961.png,0.8449102614104689,0.9705646996402456,0.12565443822977673,Blue
wechat_2025-09-29_110022_607.png,0.8387085045023656,0.9687660071349693,0.13005750263260374,Blue
wechat_2025-09-29_110031_128.png,0.822623211527758,0.9720396312240452,0.14941641969628727,Blue
wechat_2025-09-29_110039_124.png,0.8144459483556208,0.9721164887762415,0.15767054042062068,Blue
wechat_2025-09-29_110114_425.png,0.8108486810871914,0.9770531142253605,0.16620443313816902,Blue
wechat_2025-09-29_110125_105.png,0.8197185604196023,0.9748821628860456,0.15516360246644323,Blue
wechat_2025-09-29_110132_888.png,0.831863527971643,0.9880420147890148,0.1561784868173718,Blue
wechat_2025-09-29_110141_560.png,0.8481033678185493,0.9759644574474021,0.1278610896288528,Blue
wechat_2025-09-29_110148_726.png,0.8282685546564954,0.9834228860068285,0.15515433135033307,Blue
wechat_2025-09-29_110202_505.png,0.8549481260404181,0.9669274177208762,0.11197929168045806,Blue
wechat_2025-09-29_110211_090.png,0.8496733119621058,0.9745643997827699,0.12489108782066405,Blue
wechat_2025-09-29_110218_439.png,0.8433833042223216,0.9791470996634747,0.13576379544115313,Blue
wechat_2025-09-29_110225_870.png,0.8512493854265375,0.9694902393423124,0.11824085391577488,Blue
wechat_2025-09-29_110238_563.png,0.8500248146710139,0.9725078950266066,0.12248308035559274,Blue
wechat_2025-09-29_110305_380.png,0.8370904183023442,0.9720986682111133,0.13500824990876914,Blue
wechat_2025-09-29_110313_425.png,0.8186511210641585,0.9785431748804279,0.15989205381626936,Blue
wechat_2025-09-29_110320_863.png,0.8220326743888805,0.9909651142551793,0.1689324398662988,Blue
wechat_2025-09-29_110328_266.png,0.8164093030142014,0.9682875487326792,0.15187824571847774,Blue
wechat_2025-09-29_110335_322.png,0.8291196693222416,0.9934469720723085,0.1643273027500669,Blue
wechat_2025-09-29_110347_400.png,0.8140080115174889,0.9878869195837532,0.17387890806626427,Blue
wechat_2025-09-29_110354_153.png,0.8365957580016157,0.984322965885503,0.14772720788388738,Blue
wechat_2025-09-29_110402_737.png,0.8343861311023232,0.9801842177089636,0.1457980866066404,Blue
wechat_2025-09-29_110409_396.png,0.8535145405820699,0.9668614161178161,0.11334687553574618,Blue
wechat_2025-09-29_110418_091.png,0.816862459278342,0.9820830689575983,0.16522060967925634,Blue
wechat_2025-09-29_110430_836.png,0.82789857536882,0.9598653257239567,0.1319667503551366,Blue
wechat_2025-09-29_110437_047.png,0.8320545633424704,0.9653120842800083,0.13325752093753784,Blue
wechat_2025-09-29_110447_803.png,0.8256406833308021,0.9730172477206195,0.1473765643898174,Blue
wechat_2025-09-29_110454_971.png,0.8503215506189723,0.9715386781036048,0.12121712748463254,Blue
wechat_2025-09-29_110501_932.png,0.8363432879453212,0.9805739135112246,0.14423062556590338,Blue
wechat_2025-09-29_111025_979.png,0.8147988041355206,0.9807804873761782,0.16598168324065754,Blue
wechat_2025-09-29_111033_961.png,0.8342389593566135,0.9904422496045786,0.1562032902479651,Blue
wechat_2025-09-29_111041_444.png,0.8243736156419124,0.9930263417089349,0.16865272606702253,Blue
wechat_2025-09-29_111049_169.png,0.8356070854511921,0.9731147516026328,0.13750766615144072,Blue
wechat_2025-09-29_111055_425.png,0.8431383101522425,0.9793538069827618,0.13621549683051926,Blue
wechat_2025-09-29_111109_827.png,0.8231699077469152,0.9934635065410631,0.17029359879414785,Blue
wechat_2025-09-29_111118_730.png,0.820843808620028,0.9922133582673721,0.17136954964734408,Blue
wechat_2025-09-29_111125_959.png,0.8126972280078363,0.9872461541696136,0.1745489261617773,Blue
wechat_2025-09-29_111132_513.png,0.7995615955123809,0.9744758419062775,0.17491424639389652,Blue
wechat_2025-09-29_111142_264.png,0.8276617743519021,0.9948488652243279,0.16718709087242578,Blue
wechat_2025-09-29_111152_775.png,0.8177018998257681,0.9884493886055002,0.17074748877973212,Blue
wechat_2025-09-29_111200_370.png,0.8275267122872758,0.9885282907108607,0.16100157842358487,Blue
wechat_2025-09-29_111208_813.png,0.8398950768847765,0.9842333364539414,0.1443382595691649,Blue
wechat_2025-09-29_111220_775.png,0.8260670096071352,0.9767079975547283,0.15064098794759306,Blue
wechat_2025-09-29_111228_585.png,0.8519617308188906,0.9671091380459951,0.11514740722710448,Blue
wechat_2025-09-29_111248_132.png,0.8213854101676187,0.9757669199829397,0.15438150981532106,Blue
wechat_2025-09-29_111255_468.png,0.8355713316717825,0.9689049364817264,0.13333360480994383,Blue
wechat_2025-09-29_111302_345.png,0.8231899628930076,0.9675841447091916,0.14439418181618402,Blue
wechat_2025-09-29_111309_144.png,0.8358744171729409,0.9551309269231708,0.11925650975022994,Blue
wechat_2025-09-29_111316_152.png,0.8201041606093045,0.9783474760911092,0.1582433154818047,Blue
wechat_2025-09-29_111327_346.png,0.8402799614686794,0.9667927469648994,0.12651278549621991,Blue
wechat_2025-09-29_111333_770.png,0.82727700022982,0.921719274774487,0.09444227454466703,Blue
wechat_2025-09-29_111341_786.png,0.8493978200141757,0.9597352929718073,0.11033747295763152,Blue
wechat_2025-09-29_111348_502.png,0.8244174840141072,0.942797629307859,0.11838014529375185,Blue
wechat_2025-09-29_111356_072.png,0.8528910442073389,0.9669359628049171,0.11404491859757826,Blue
wechat_2025-09-29_113409_815.png,0.7573423137767908,0.929891612228611,0.1725492984518202,Blue
wechat_2025-09-29_113420_092.png,0.7535942525233634,0.9262292566158654,0.172635004092502,Blue
wechat_2025-09-29_113428_217.png,0.8077299479856853,0.970078929967421,0.16234898198173564,Blue
wechat_2025-09-29_113434_512.png,0.7972049401837246,0.9692966886255796,0.17209174844185504,Blue
wechat_2025-09-29_113445_098.png,0.7946739206587101,0.9690281241467422,0.1743542034880321,Blue
wechat_2025-09-29_113459_678.png,0.8172161751722796,0.9795180716675831,0.16230189649530347,Blue
wechat_2025-09-29_113507_202.png,0.811969764441439,0.9867389153377628,0.17476915089632383,Blue
wechat_2025-09-29_113513_387.png,0.8208925707386104,0.9870456563907559,0.16615308565214548,Blue
wechat_2025-09-29_113520_457.png,0.8161541991120875,0.9848794802396834,0.16872528112759588,Blue
wechat_2025-09-29_113528_656.png,0.8232267454841778,0.9955209044546722,0.17229415897049438,Blue
wechat_2025-09-29_113541_978.png,0.8055677481626827,0.9790049652025617,0.17343721703987902,Blue
wechat_2025-09-29_113548_591.png,0.8171180449194241,0.9920123275800289,0.1748942826606048,Blue
wechat_2025-09-29_113555_178.png,0.8327626815605366,0.9729117649756424,0.1401490834151058,Blue
wechat_2025-09-29_113601_573.png,0.8126938660626314,0.9815617353403788,0.16886786927774744,Blue
wechat_2025-09-29_113607_333.png,0.7990752774471791,0.9648591762624221,0.16578389881524302,Blue
wechat_2025-09-29_113626_945.png,0.845973382123521,0.9455393909074881,0.09956600878396704,Blue
wechat_2025-09-29_113632_421.png,0.8459764175086095,0.9555521367270124,0.10957571921840292,Blue
wechat_2025-09-29_113638_568.png,0.8444052145365518,0.9545790345684935,0.11017382003194165,Blue
wechat_2025-09-29_113644_575.png,0.8531507140708592,0.9445816300597211,0.09143091598886188,Blue
wechat_2025-09-29_113649_735.png,0.8593933241611618,0.9395095344258882,0.08011621026472648,Blue
wechat_2025-09-29_113700_547.png,0.8327830840742158,0.9246781876563501,0.09189510358213437,Blue
wechat_2025-09-29_113706_285.png,0.8532251107398565,0.9547929258777209,0.10156781513786439,Blue
wechat_2025-09-29_113712_127.png,0.871362503869283,0.9474441585954296,0.07608165472614659,Blue
wechat_2025-09-29_113717_485.png,0.836759368426018,0.9404983259816404,0.10373895755562246,Blue
wechat_2025-09-29_113733_728.png,0.8839585196936134,0.91385708607063,0.0298985663770166,Blue
wechat_2025-09-29_113800_530.png,0.7054952794885563,0.8741857740427785,0.16869049455422225,Blue
wechat_2025-09-29_113809_013.png,0.7056583822820012,0.8744634607568609,0.1688050784748597,Blue
wechat_2025-09-29_113815_210.png,0.7204999979542217,0.8899160300195496,0.16941603206532785,Blue
wechat_2025-09-29_113821_057.png,0.7302379752903235,0.9004744226417293,0.17023644735140575,Blue
wechat_2025-09-29_113827_672.png,0.7156879422613128,0.8852487271213805,0.16956078486006765,Blue
wechat_2025-09-29_113836_124.png,0.7338898070899639,0.9048691077855707,0.17097930069560685,Blue
wechat_2025-09-29_113842_439.png,0.738756880346149,0.9089273665230254,0.17017048617687647,Blue
wechat_2025-09-29_113848_399.png,0.7830351653644099,0.9297850365295921,0.14674987116518223,Blue
wechat_2025-09-29_113854_559.png,0.7608789629843588,0.9183170119342038,0.15743804894984503,Blue
wechat_2025-09-29_113900_994.png,0.7777024891646336,0.9122930566537666,0.134590567489133,Blue
wechat_2025-09-29_113910_220.png,0.7704107331962844,0.9145207357651138,0.14411000256882944,Blue
wechat_2025-09-29_113916_207.png,0.7830893911522127,0.9344832052932323,0.1513938141410196,Blue
wechat_2025-09-29_113922_847.png,0.7874557238261152,0.9476009816613782,0.160145257835263,Blue
wechat_2025-09-29_113929_902.png,0.7696722474818984,0.9414184562499754,0.171746208768077,Blue
wechat_2025-09-29_113939_946.png,0.7456999476541181,0.9149900956028358,0.16929014794871777,Blue
wechat_2025-09-29_113952_505.png,0.7743498781412977,0.9473873756857886,0.17303749754449083,Blue
wechat_2025-09-29_113957_826.png,0.7818195753075421,0.95255629179273,0.17073671648518796,Blue
wechat_2025-09-29_114003_247.png,0.805435074357123,0.9751860596089612,0.16975098525183818,Blue
wechat_2025-09-29_114008_640.png,0.8014960398640337,0.9709455535443833,0.16944951368034955,Blue
wechat_2025-09-29_114015_447.png,0.7984568924477535,0.9729170037917731,0.17446011134401962,Blue
wechat_2025-09-29_114026_791.png,0.790163988818248,0.9622838805141223,0.17211989169587427,Blue
wechat_2025-09-29_114032_878.png,0.7600460637216304,0.9306835090757577,0.17063744535412728,Blue
wechat_2025-09-29_114038_985.png,0.7816956260830581,0.9533843223532759,0.17168869627021777,Blue
wechat_2025-09-29_114045_020.png,0.7859459070349657,0.9574827362863764,0.17153682925141067,Blue
wechat_2025-09-29_114050_192.png,0.7972364896448085,0.9706341142845477,0.17339762463973918,Blue
wechat_2025-09-29_114058_793.png,0.8364315562375195,0.9855614180810094,0.14912986184348986,Blue
wechat_2025-09-29_114104_584.png,0.8334921674274094,0.9910212854216839,0.1575291179942745,Blue
wechat_2025-09-29_114111_205.png,0.8446647689747254,0.9777354907092515,0.13307072173452605,Blue
wechat_2025-09-29_114117_454.png,0.8513546774939229,0.9688044397802293,0.11744976228630644,Blue
wechat_2025-09-29_114122_919.png,0.8375246500955785,0.9866528046257079,0.1491281545301294,Blue
wechat_2025-09-29_114144_278.png,0.7878289824893856,0.9564221024872548,0.1685931199978692,Blue
wechat_2025-09-29_114151_086.png,0.7982336460433008,0.9696490164714969,0.1714153704281961,Blue
wechat_2025-09-29_114157_396.png,0.7857469728879016,0.9548217759579657,0.16907480307006406,Blue
wechat_2025-09-29_114203_455.png,0.8131016334009735,0.9873706170026503,0.17426898360167675,Blue
wechat_2025-09-29_114209_964.png,0.7997287273945761,0.9720496387528228,0.17232091135824668,Blue
wechat_2025-09-29_114216_647.png,0.8216799668322975,0.9949714720701919,0.17329150523789438,Blue
wechat_2025-09-29_114221_898.png,0.7944628989039332,0.9657647751865267,0.17130187628259352,Blue
wechat_2025-09-29_114228_423.png,0.827720076126023,0.9732299067502007,0.14550983062417766,Blue
wechat_2025-09-29_114233_438.png,0.84314227573096,0.9698839217866927,0.12674164605573268,Blue
wechat_2025-09-29_114239_918.png,0.8399960956230976,0.9668285195811516,0.12683242395805394,Blue
wechat_2025-09-29_114250_432.png,0.8139694440191705,0.9887979844010293,0.1748285403818588,Blue
wechat_2025-09-29_114256_441.png,0.8012682561709445,0.971610423887431,0.17034216771648647,Blue
wechat_2025-09-29_114302_665.png,0.8081888273668719,0.974683759227719,0.16649493186084707,Blue
wechat_2025-09-29_114308_043.png,0.8046163582964574,0.9787315331325682,0.17411517483611083,Blue
wechat_2025-09-29_114315_435.png,0.8243803387265306,0.9794336554919957,0.15505331676546508,Blue
wechat_2025-09-29_114332_759.png,0.8598935045748908,0.9402886930646654,0.08039518848977467,Blue
wechat_2025-09-29_114338_478.png,0.8525474083849791,0.9612567233686311,0.108709314983652,Blue
wechat_2025-09-29_114344_525.png,0.8516701164356529,0.9377221882283344,0.08605207179268148,Blue
wechat_2025-09-29_114350_143.png,0.8576683698607267,0.9248002251086169,0.06713185524789023,Blue
wechat_2025-09-29_114355_533.png,0.8652363321195958,0.9161927461207039,0.050956414001108064,Blue
wechat_2025-09-29_114403_847.png,0.8487522714468434,0.938924315018776,0.09017204357193265,Blue
wechat_2025-09-29_114409_338.png,0.840119157322669,0.9565865973762561,0.11646744005358711,Blue
wechat_2025-09-29_114414_710.png,0.8397239749360572,0.9559934192134353,0.11626944427737806,Blue
wechat_2025-09-29_114420_285.png,0.8493487431338029,0.9393033796593505,0.08995463652554758,Blue
wechat_2025-09-29_114426_957.png,0.8658825976318298,0.921153585331907,0.05527098770007721,Blue
wechat_2025-09-29_114550_564.png,0.8107673308431773,0.9825545938942696,0.17178726305109226,Blue
wechat_2025-09-29_114556_144.png,0.7989529909531294,0.9674782267465745,0.16852523579344503,Blue
wechat_2025-09-29_114601_422.png,0.7931474247544072,0.9589866524166425,0.16583922766223524,Blue
wechat_2025-09-29_114606_557.png,0.8199179260009357,0.9932686361821745,0.17335071018123882,Blue
wechat_2025-09-29_114612_343.png,0.8213069176130416,0.9956568481218383,0.17434993050879666,Blue
wechat_2025-09-29_114626_758.png,0.7958791932046032,0.9702234505365684,0.17434425733196524,Blue
wechat_2025-09-29_114632_100.png,0.8022209015178331,0.9755085945430884,0.17328769302525526,Blue
wechat_2025-09-29_114637_842.png,0.8164806043890573,0.9714452718288568,0.15496466743979942,Blue
wechat_2025-09-29_114644_634.png,0.807522885402064,0.9812288510711087,0.17370596566904473,Blue
wechat_2025-09-29_114650_351.png,0.8208027412022263,0.9925648783408552,0.17176213713862887,Blue
wechat_2025-09-29_114700_757.png,0.8180960447718545,0.9913330381545099,0.1732369933826554,Blue
wechat_2025-09-29_114705_497.png,0.8194431740062383,0.9876869533283047,0.16824377932206636,Blue
wechat_2025-09-29_114710_937.png,0.8171106554454423,0.9878614109737589,0.17075075552831664,Blue
wechat_2025-09-29_114716_328.png,0.8327703641852565,0.9651555815918994,0.13238521740664289,Blue
wechat_2025-09-29_114725_424.png,0.8476669759648977,0.9754323390995254,0.12776536313462772,Blue
wechat_2025-09-29_114736_658.png,0.8574424368739171,0.9459284645868252,0.08848602771290814,Blue
wechat_2025-09-29_114742_494.png,0.8508215555095634,0.9285572419036041,0.07773568639404072,Blue
wechat_2025-09-29_114747_975.png,0.8566205012377183,0.9232027695005198,0.06658226826280156,Blue
wechat_2025-09-29_114753_699.png,0.8502063373544043,0.899508127048503,0.04930178969409871,Blue
wechat_2025-09-29_114759_207.png,0.845080252094522,0.9116883437733593,0.0666080916788373,Blue
wechat_2025-09-29_114810_523.png,0.8392384127992946,0.9237463322238525,0.08450791942455793,Blue
wechat_2025-09-29_114816_175.png,0.8368250543187681,0.9599566265630461,0.12313157224427806,Blue
wechat_2025-09-29_114821_765.png,0.8577829289770438,0.9605213045416146,0.10273837556457077,Blue
wechat_2025-09-29_114826_991.png,0.8541408176127414,0.9225303869831616,0.06838956937042018,Blue
wechat_2025-09-29_114832_222.png,0.8548421891704057,0.9141317805893603,0.059289591418954624,Blue
wechat_2025-09-29_114846_934.png,0.81272060772862,0.9749235454209979,0.16220293769237792,Blue
wechat_2025-09-29_114852_423.png,0.784598804216871,0.9320388538030175,0.14744004958614654,Blue
wechat_2025-09-29_114858_181.png,0.817465741091173,0.9832936571452996,0.1658279160541266,Blue
wechat_2025-09-29_114904_333.png,0.8182323787011212,0.9846256687469068,0.16639329004578562,Blue
wechat_2025-09-29_114912_313.png,0.798439667637963,0.9688905511397546,0.1704508835017916,Blue
wechat_2025-09-29_114925_236.png,0.8105987233897849,0.9849738021535045,0.1743750787637196,Blue
wechat_2025-09-29_114930_066.png,0.8061711692953534,0.9802031660830215,0.17403199678766812,Blue
wechat_2025-09-29_114935_773.png,0.7965074131976144,0.9695456578743531,0.17303824467673867,Blue
wechat_2025-09-29_114941_190.png,0.8303808382835397,0.9912810499161183,0.16090021163257862,Blue
wechat_2025-09-29_114946_659.png,0.8207941932704276,0.9703068246391647,0.14951263136873716,Blue
wechat_2025-09-29_115002_741.png,0.8271814108771474,0.9727329557184146,0.1455515448412672,Blue
wechat_2025-09-29_115008_407.png,0.8085471242444106,0.9260747039243117,0.11752757967990113,Blue
wechat_2025-09-29_115014_559.png,0.8402726022948355,0.9578275651431087,0.11755496284827327,Blue
wechat_2025-09-29_115020_670.png,0.8239444332395016,0.9754304936674087,0.15148606042790713,Blue
wechat_2025-09-29_115026_266.png,0.84641094107637,0.9773114979900644,0.1309005569136944,Blue
wechat_2025-09-29_115039_066.png,0.8494447291209075,0.9247953415291744,0.0753506124082669,Blue
wechat_2025-09-29_115043_870.png,0.8540041857865449,0.9458929561863355,0.0918887703997906,Blue
wechat_2025-09-29_115051_158.png,0.8641247558340844,0.9476703241777038,0.08354556834361937,Blue
wechat_2025-09-29_115056_122.png,0.8768910155815639,0.935430968687435,0.05853995310587112,Blue
wechat_2025-09-29_115102_123.png,0.8610079541772557,0.9552722963734216,0.09426434219616586,Blue
wechat_2025-09-29_115113_196.png,0.8311145291321225,0.9785799484924804,0.14746541936035795,Blue
wechat_2025-09-29_115124_743.png,0.8332387733218161,0.9304561182078384,0.0972173448860223,Blue
wechat_2025-09-29_115130_990.png,0.8334649319534377,0.9584740642842658,0.1250091323308281,Blue
wechat_2025-09-29_115138_480.png,0.8437240711266112,0.9798216793181043,0.13609760819149308,Blue
wechat_2025-09-29_115142_836.png,0.8409526830585116,0.982337499180846,0.14138481612233444,Blue
wechat_2025-09-29_115210_044.png,0.7533955429424742,0.9223446428039725,0.1689490998614983,Blue
wechat_2025-09-29_115214_876.png,0.7309750906318493,0.8990289982131682,0.16805390758131888,Blue
wechat_2025-09-29_115221_938.png,0.7815226066651915,0.9424791652892754,0.16095655862408398,Blue
wechat_2025-09-29_115229_468.png,0.7662051369385223,0.9362133345824544,0.17000819764393205,Blue
wechat_2025-09-29_115234_618.png,0.7462802499533726,0.9150122284571662,0.16873197850379362,Blue
wechat_2025-09-29_115249_357.png,0.7825875976928812,0.9507528882713412,0.16816529057845997,Blue
wechat_2025-09-29_115254_365.png,0.7685092811586223,0.9356995892494617,0.16719030809083946,Blue
wechat_2025-09-29_115300_278.png,0.7879839648716899,0.9587755566671791,0.1707915917954892,Blue
wechat_2025-09-29_115305_532.png,0.7818945673980064,0.9475300452746518,0.16563547787664534,Blue
wechat_2025-09-29_115310_880.png,0.798275234550259,0.9677611838987401,0.16948594934848116,Blue
wechat_2025-09-29_115319_749.png,0.7750651455369518,0.9460596729164934,0.17099452737954157,Blue
wechat_2025-09-29_115324_862.png,0.7703513352067817,0.9390867999265715,0.16873546471978984,Blue
wechat_2025-09-29_115330_751.png,0.7805556395512483,0.9495763803316726,0.16902074078042428,Blue
wechat_2025-09-29_115334_986.png,0.8041652952157424,0.9543601002490385,0.15019480503329607,Blue
wechat_2025-09-29_115341_181.png,0.7848555212673145,0.9521777319539517,0.16732221068663722,Blue
wechat_2025-09-29_115349_290.png,0.8014207412510463,0.9718469676159694,0.1704262263649231,Blue
wechat_2025-09-29_115354_736.png,0.7925916910732401,0.9617947167672776,0.16920302569403745,Blue
wechat_2025-09-29_115400_332.png,0.8034946945349546,0.9346240259051144,0.1311293313701598,Blue
wechat_2025-09-29_115406_189.png,0.8146555331420121,0.9768818303192619,0.1622262971772498,Blue
wechat_2025-09-29_115410_641.png,0.7979006866865576,0.9638197082920389,0.16591902160548133,Blue
wechat_2025-09-29_115419_354.png,0.7779808950232046,0.9485662718470133,0.1705853768238087,Blue
wechat_2025-09-29_115424_247.png,0.782457122255539,0.9533293314079814,0.1708722091524424,Blue
wechat_2025-09-29_115429_471.png,0.7610992916392404,0.9285295272077276,0.16743023556848724,Blue
wechat_2025-09-29_115435_232.png,0.7955515122593025,0.9647918534241793,0.16924034116487674,Blue
wechat_2025-09-29_115441_830.png,0.8126975490395272,0.9382552585055777,0.1255577094660505,Blue
wechat_2025-09-29_115504_941.png,0.7243421737172401,0.8930610335196347,0.16871885980239465,Blue
wechat_2025-09-29_115510_380.png,0.7193704841015963,0.8879301921370728,0.16855970803547649,Blue
wechat_2025-09-29_115515_703.png,0.7652321319228113,0.9238381978640556,0.15860606594124438,Blue
wechat_2025-09-29_115521_446.png,0.753754894470827,0.9186182271518408,0.16486333268101383,Blue
wechat_2025-09-29_115526_593.png,0.73556948240987,0.902624568676884,0.16705508626701404,Blue
wechat_2025-09-29_115539_405.png,0.7678920216248384,0.9365911027711578,0.16869908114631937,Blue
wechat_2025-09-29_115544_530.png,0.7619457152789466,0.9308104506857614,0.1688647354068148,Blue
wechat_2025-09-29_115550_364.png,0.7629355490395806,0.9325864292414149,0.16965088020183428,Blue
wechat_2025-09-29_115556_498.png,0.7700661020436929,0.937434831991606,0.1673687299479132,Blue
wechat_2025-09-29_115601_714.png,0.7776129610213516,0.9468093361550396,0.16919637513368802,Blue
wechat_2025-09-29_115612_467.png,0.7516971858028582,0.9210846966718006,0.16938751086894244,Blue
wechat_2025-09-29_115617_737.png,0.7673828318516835,0.938273740974969,0.17089090912328542,Blue
wechat_2025-09-29_115623_845.png,0.7676906875352788,0.9381522030613441,0.17046151552606525,Blue
wechat_2025-09-29_115628_309.png,0.7938440718254103,0.9369496408963217,0.14310556907091143,Blue
wechat_2025-09-29_115635_000.png,0.7751240691471337,0.9447532245458441,0.16962915539871037,Blue
wechat_2025-09-29_115645_568.png,0.7851869202200623,0.9551598920264409,0.1699729718063786,Blue
wechat_2025-09-29_115650_841.png,0.7854379077284197,0.9558042709579528,0.17036636322953314,Blue
wechat_2025-09-29_115656_827.png,0.8022443092817149,0.9120407492517251,0.1097964399700102,Blue
wechat_2025-09-29_115703_240.png,0.8013012223855946,0.9475102169437356,0.14620899455814096,Blue
wechat_2025-09-29_115709_105.png,0.7775540048111068,0.9339203390020213,0.1563663341909145,Blue
wechat_2025-09-29_115725_238.png,0.7554408869345194,0.9252018900058314,0.16976100307131203,Blue
wechat_2025-09-29_115730_574.png,0.769951770456841,0.940491854339253,0.17054008388241193,Blue
wechat_2025-09-29_115736_544.png,0.7517041908927018,0.920688761860355,0.16898457096765318,Blue
wechat_2025-09-29_115742_030.png,0.7852849231486461,0.9552644526798413,0.16997952953119522,Blue
wechat_2025-09-29_115747_439.png,0.798337799137185,0.9191014455875158,0.12076364645033089,Blue
wechat_2025-09-29_115838_854.png,0.7726172725036903,0.9008110309619923,0.12819375845830205,Blue
wechat_2025-09-29_115845_041.png,0.7830139731412172,0.9087060408964522,0.125692067755235,Blue
wechat_2025-09-29_115850_918.png,0.789444869115401,0.9163646537966934,0.1269197846812924,Blue
wechat_2025-09-29_115857_484.png,0.804478811111961,0.917032638184962,0.11255382707300099,Blue
wechat_2025-09-29_115903_462.png,0.7584978570636266,0.9119791945753848,0.1534813375117582,Blue
wechat_2025-09-29_115917_208.png,0.7922427106590627,0.9353214996119108,0.1430787889528481,Blue
wechat_2025-09-29_115922_165.png,0.7749867850509261,0.9112556316962177,0.1362688466452916,Blue
wechat_2025-09-29_115928_091.png,0.7659270041103776,0.9350021644929596,0.16907516038258197,Blue
wechat_2025-09-29_115933_449.png,0.747132129638872,0.9165609023023445,0.16942877266347256,Blue
wechat_2025-09-29_115939_423.png,0.780593969149669,0.9306697957028134,0.15007582655314433,Blue
